tr|A0ABV9X605|A0ABV9X605_9ACTN	0aca5927a796a7cac659ea59de18bb86	412	Pfam	PF01471	Putative peptidoglycan binding domain	290	345	1.4e-12	T	03-12-2025	IPR002477	Peptidoglycan binding-like	-	-
tr|A0ABV9X605|A0ABV9X605_9ACTN	0aca5927a796a7cac659ea59de18bb86	412	Pfam	PF01471	Putative peptidoglycan binding domain	355	409	4e-16	T	03-12-2025	IPR002477	Peptidoglycan binding-like	-	-
tr|A0ABV9X605|A0ABV9X605_9ACTN	0aca5927a796a7cac659ea59de18bb86	412	Pfam	PF01183	Glycosyl hydrolases family 25	46	240	7.599999999999999e-35	T	03-12-2025	IPR002053	Glycoside hydrolase, family 25	-	-
tr|A0AAE5LS71|A0AAE5LS71_CLOBE	41d4757d4d4067745a539ad174ff9957	306	Pfam	PF01183	Glycosyl hydrolases family 25	7	178	3.3e-33	T	03-12-2025	IPR002053	Glycoside hydrolase, family 25	-	-
tr|A0AAE5LS71|A0AAE5LS71_CLOBE	41d4757d4d4067745a539ad174ff9957	306	Pfam	PF19127	Choline-binding repeat	223	263	0.0047	T	03-12-2025	IPR018337	Cell wall/choline-binding repeat	-	-
tr|A0AAE5LS71|A0AAE5LS71_CLOBE	41d4757d4d4067745a539ad174ff9957	306	Pfam	PF19127	Choline-binding repeat	271	303	3e-06	T	03-12-2025	IPR018337	Cell wall/choline-binding repeat	-	-
tr|D3HAA5|D3HAA5_STRM6	d915ea8db140d2bc3aa4cf9d9c18a99a	536	Pfam	PF01473	Putative cell wall binding repeat	189	206	0.31	T	03-12-2025	IPR018337	Cell wall/choline-binding repeat	-	-
tr|D3HAA5|D3HAA5_STRM6	d915ea8db140d2bc3aa4cf9d9c18a99a	536	Pfam	PF01473	Putative cell wall binding repeat	165	184	3100.0	T	03-12-2025	IPR018337	Cell wall/choline-binding repeat	-	-
tr|D3HAA5|D3HAA5_STRM6	d915ea8db140d2bc3aa4cf9d9c18a99a	536	Pfam	PF01183	Glycosyl hydrolases family 25	340	526	1.4e-16	T	03-12-2025	IPR002053	Glycoside hydrolase, family 25	-	-
tr|D3HAA5|D3HAA5_STRM6	d915ea8db140d2bc3aa4cf9d9c18a99a	536	Pfam	PF19085	Choline-binding repeat	266	299	0.0026	T	03-12-2025	IPR018337	Cell wall/choline-binding repeat	-	-
tr|C7MNP2|C7MNP2_CRYCD	fde2b6f6ea8ee7d3233ff94c45603adc	592	Pfam	PF01473	Putative cell wall binding repeat	552	570	7.6	T	03-12-2025	IPR018337	Cell wall/choline-binding repeat	-	-
tr|C7MNP2|C7MNP2_CRYCD	fde2b6f6ea8ee7d3233ff94c45603adc	592	Pfam	PF01473	Putative cell wall binding repeat	447	463	0.65	T	03-12-2025	IPR018337	Cell wall/choline-binding repeat	-	-
tr|C7MNP2|C7MNP2_CRYCD	fde2b6f6ea8ee7d3233ff94c45603adc	592	Pfam	PF01183	Glycosyl hydrolases family 25	188	362	5.3e-23	T	03-12-2025	IPR002053	Glycoside hydrolase, family 25	-	-
tr|C7MNP2|C7MNP2_CRYCD	fde2b6f6ea8ee7d3233ff94c45603adc	592	Pfam	PF19127	Choline-binding repeat	404	437	9e-06	T	03-12-2025	IPR018337	Cell wall/choline-binding repeat	-	-
tr|C7MNP2|C7MNP2_CRYCD	fde2b6f6ea8ee7d3233ff94c45603adc	592	Pfam	PF19127	Choline-binding repeat	507	542	1.9e-07	T	03-12-2025	IPR018337	Cell wall/choline-binding repeat	-	-
tr|C7MNP2|C7MNP2_CRYCD	fde2b6f6ea8ee7d3233ff94c45603adc	592	Pfam	PF19127	Choline-binding repeat	468	499	0.0077	T	03-12-2025	IPR018337	Cell wall/choline-binding repeat	-	-
tr|A0AAU7PQ83|A0AAU7PQ83_9FIRM	5c56e36fc9d0298a48dbbe888a1a7b72	596	Pfam	PF01183	Glycosyl hydrolases family 25	59	229	3.1000000000000002e-27	T	03-12-2025	IPR002053	Glycoside hydrolase, family 25	-	-
tr|A0AAU7PQ83|A0AAU7PQ83_9FIRM	5c56e36fc9d0298a48dbbe888a1a7b72	596	Pfam	PF19127	Choline-binding repeat	431	469	8.5e-08	T	03-12-2025	IPR018337	Cell wall/choline-binding repeat	-	-
tr|A0AAU7PQ83|A0AAU7PQ83_9FIRM	5c56e36fc9d0298a48dbbe888a1a7b72	596	Pfam	PF19127	Choline-binding repeat	493	535	8.1e-06	T	03-12-2025	IPR018337	Cell wall/choline-binding repeat	-	-
tr|A0AAU7PQ83|A0AAU7PQ83_9FIRM	5c56e36fc9d0298a48dbbe888a1a7b72	596	Pfam	PF19127	Choline-binding repeat	371	404	0.00031	T	03-12-2025	IPR018337	Cell wall/choline-binding repeat	-	-
tr|A0AAU7PQ83|A0AAU7PQ83_9FIRM	5c56e36fc9d0298a48dbbe888a1a7b72	596	Pfam	PF19127	Choline-binding repeat	330	370	5.3e-06	T	03-12-2025	IPR018337	Cell wall/choline-binding repeat	-	-
tr|A0AAU7PQ83|A0AAU7PQ83_9FIRM	5c56e36fc9d0298a48dbbe888a1a7b72	596	Pfam	PF01473	Putative cell wall binding repeat	472	490	2100.0	T	03-12-2025	IPR018337	Cell wall/choline-binding repeat	-	-
tr|A0AAU7PQ83|A0AAU7PQ83_9FIRM	5c56e36fc9d0298a48dbbe888a1a7b72	596	Pfam	PF01473	Putative cell wall binding repeat	411	428	62.0	T	03-12-2025	IPR018337	Cell wall/choline-binding repeat	-	-
tr|A0AAU7PQ83|A0AAU7PQ83_9FIRM	5c56e36fc9d0298a48dbbe888a1a7b72	596	Pfam	PF01473	Putative cell wall binding repeat	310	328	0.0089	T	03-12-2025	IPR018337	Cell wall/choline-binding repeat	-	-
tr|A0A6N3F3M4|A0A6N3F3M4_CLOSY	dee9d3d45f17c2d06570a4c807b5e76c	730	Pfam	PF01473	Putative cell wall binding repeat	467	487	1300.0	T	03-12-2025	IPR018337	Cell wall/choline-binding repeat	-	-
tr|A0A6N3F3M4|A0A6N3F3M4_CLOSY	dee9d3d45f17c2d06570a4c807b5e76c	730	Pfam	PF01473	Putative cell wall binding repeat	246	256	620.0	T	03-12-2025	IPR018337	Cell wall/choline-binding repeat	-	-
tr|A0A6N3F3M4|A0A6N3F3M4_CLOSY	dee9d3d45f17c2d06570a4c807b5e76c	730	Pfam	PF01473	Putative cell wall binding repeat	449	460	520.0	T	03-12-2025	IPR018337	Cell wall/choline-binding repeat	-	-
tr|A0A6N3F3M4|A0A6N3F3M4_CLOSY	dee9d3d45f17c2d06570a4c807b5e76c	730	Pfam	PF19127	Choline-binding repeat	264	305	0.00015	T	03-12-2025	IPR018337	Cell wall/choline-binding repeat	-	-
tr|A0A6N3F3M4|A0A6N3F3M4_CLOSY	dee9d3d45f17c2d06570a4c807b5e76c	730	Pfam	PF19127	Choline-binding repeat	326	368	1.2e-07	T	03-12-2025	IPR018337	Cell wall/choline-binding repeat	-	-
tr|A0A6N3F3M4|A0A6N3F3M4_CLOSY	dee9d3d45f17c2d06570a4c807b5e76c	730	Pfam	PF19127	Choline-binding repeat	408	448	1.6e-09	T	03-12-2025	IPR018337	Cell wall/choline-binding repeat	-	-
tr|A0A6N3F3M4|A0A6N3F3M4_CLOSY	dee9d3d45f17c2d06570a4c807b5e76c	730	Pfam	PF19127	Choline-binding repeat	489	531	6e-11	T	03-12-2025	IPR018337	Cell wall/choline-binding repeat	-	-
tr|A0A6N3F3M4|A0A6N3F3M4_CLOSY	dee9d3d45f17c2d06570a4c807b5e76c	730	Pfam	PF01183	Glycosyl hydrolases family 25	56	225	7.5e-26	T	03-12-2025	IPR002053	Glycoside hydrolase, family 25	-	-
tr|A0ABV1H6K0|A0ABV1H6K0_9FIRM	79b4839df8be436a43e312169a361819	518	Pfam	PF01183	Glycosyl hydrolases family 25	321	506	3.0000000000000004e-22	T	03-12-2025	IPR002053	Glycoside hydrolase, family 25	-	-
tr|A0ABV1H6K0|A0ABV1H6K0_9FIRM	79b4839df8be436a43e312169a361819	518	Pfam	PF21540	Choline-binding repeat	138	155	0.18	T	03-12-2025	IPR048713	Choline-binding repeat	-	-
tr|A0ABV1H6K0|A0ABV1H6K0_9FIRM	79b4839df8be436a43e312169a361819	518	Pfam	PF21540	Choline-binding repeat	94	114	46.0	T	03-12-2025	IPR048713	Choline-binding repeat	-	-
tr|A0ABV1H6K0|A0ABV1H6K0_9FIRM	79b4839df8be436a43e312169a361819	518	Pfam	PF21540	Choline-binding repeat	248	265	170.0	T	03-12-2025	IPR048713	Choline-binding repeat	-	-
tr|A0ABV1H6K0|A0ABV1H6K0_9FIRM	79b4839df8be436a43e312169a361819	518	Pfam	PF21540	Choline-binding repeat	116	130	550.0	T	03-12-2025	IPR048713	Choline-binding repeat	-	-
tr|A0ABV1H6K0|A0ABV1H6K0_9FIRM	79b4839df8be436a43e312169a361819	518	Pfam	PF21540	Choline-binding repeat	226	246	0.031	T	03-12-2025	IPR048713	Choline-binding repeat	-	-
tr|A0ABV1H6K0|A0ABV1H6K0_9FIRM	79b4839df8be436a43e312169a361819	518	Pfam	PF21540	Choline-binding repeat	270	289	220.0	T	03-12-2025	IPR048713	Choline-binding repeat	-	-
tr|A0ABV1H6K0|A0ABV1H6K0_9FIRM	79b4839df8be436a43e312169a361819	518	Pfam	PF21540	Choline-binding repeat	50	67	150.0	T	03-12-2025	IPR048713	Choline-binding repeat	-	-
tr|A0ABV1H6K0|A0ABV1H6K0_9FIRM	79b4839df8be436a43e312169a361819	518	Pfam	PF21540	Choline-binding repeat	182	202	0.67	T	03-12-2025	IPR048713	Choline-binding repeat	-	-
tr|A0ABV1H6K0|A0ABV1H6K0_9FIRM	79b4839df8be436a43e312169a361819	518	Pfam	PF21540	Choline-binding repeat	160	180	0.93	T	03-12-2025	IPR048713	Choline-binding repeat	-	-
tr|A0ABV1H6K0|A0ABV1H6K0_9FIRM	79b4839df8be436a43e312169a361819	518	Pfam	PF21540	Choline-binding repeat	72	92	0.083	T	03-12-2025	IPR048713	Choline-binding repeat	-	-
tr|A0AAU7PJ00|A0AAU7PJ00_9FIRM	45cc0f22e4c1f74862ee862c6b970e94	316	Pfam	PF01473	Putative cell wall binding repeat	275	293	0.00032	T	03-12-2025	IPR018337	Cell wall/choline-binding repeat	-	-
tr|A0AAU7PJ00|A0AAU7PJ00_9FIRM	45cc0f22e4c1f74862ee862c6b970e94	316	Pfam	PF01473	Putative cell wall binding repeat	257	270	3400.0	T	03-12-2025	IPR018337	Cell wall/choline-binding repeat	-	-
tr|A0AAU7PJ00|A0AAU7PJ00_9FIRM	45cc0f22e4c1f74862ee862c6b970e94	316	Pfam	PF01183	Glycosyl hydrolases family 25	60	236	3.7e-24	T	03-12-2025	IPR002053	Glycoside hydrolase, family 25	-	-
tr|A0ABW8S323|A0ABW8S323_9CLOT	0042003b1b22662b35c2565af999c68a	486	Pfam	PF19127	Choline-binding repeat	125	166	4.3e-07	T	03-12-2025	IPR018337	Cell wall/choline-binding repeat	-	-
tr|A0ABW8S323|A0ABW8S323_9CLOT	0042003b1b22662b35c2565af999c68a	486	Pfam	PF19127	Choline-binding repeat	226	268	7.5e-10	T	03-12-2025	IPR018337	Cell wall/choline-binding repeat	-	-
tr|A0ABW8S323|A0ABW8S323_9CLOT	0042003b1b22662b35c2565af999c68a	486	Pfam	PF01473	Putative cell wall binding repeat	206	224	0.0046	T	03-12-2025	IPR018337	Cell wall/choline-binding repeat	-	-
tr|A0ABW8S323|A0ABW8S323_9CLOT	0042003b1b22662b35c2565af999c68a	486	Pfam	PF01473	Putative cell wall binding repeat	106	124	0.44	T	03-12-2025	IPR018337	Cell wall/choline-binding repeat	-	-
tr|A0ABW8S323|A0ABW8S323_9CLOT	0042003b1b22662b35c2565af999c68a	486	Pfam	PF01473	Putative cell wall binding repeat	186	204	3.7	T	03-12-2025	IPR018337	Cell wall/choline-binding repeat	-	-
tr|A0ABW8S323|A0ABW8S323_9CLOT	0042003b1b22662b35c2565af999c68a	486	Pfam	PF01473	Putative cell wall binding repeat	87	101	1000.0	T	03-12-2025	IPR018337	Cell wall/choline-binding repeat	-	-
tr|A0ABW8S323|A0ABW8S323_9CLOT	0042003b1b22662b35c2565af999c68a	486	Pfam	PF01183	Glycosyl hydrolases family 25	300	470	3.4e-42	T	03-12-2025	IPR002053	Glycoside hydrolase, family 25	-	-
tr|B0S0L1|B0S0L1_FINM2	926b3ec4d1e054a37806686add267292	780	Pfam	PF01183	Glycosyl hydrolases family 25	578	751	2.3e-29	T	03-12-2025	IPR002053	Glycoside hydrolase, family 25	-	-
tr|B0S0L1|B0S0L1_FINM2	926b3ec4d1e054a37806686add267292	780	Pfam	PF04122	Cell wall binding domain 2 (CWB2)	264	350	7.1e-13	T	03-12-2025	IPR007253	Cell wall binding repeat 2	-	-
tr|B0S0L1|B0S0L1_FINM2	926b3ec4d1e054a37806686add267292	780	Pfam	PF04122	Cell wall binding domain 2 (CWB2)	364	450	2.2e-14	T	03-12-2025	IPR007253	Cell wall binding repeat 2	-	-
tr|B0S0L1|B0S0L1_FINM2	926b3ec4d1e054a37806686add267292	780	Pfam	PF04122	Cell wall binding domain 2 (CWB2)	166	252	1e-11	T	03-12-2025	IPR007253	Cell wall binding repeat 2	-	-
tr|A0ABU2BP75|A0ABU2BP75_9MICC	560b037511a904583feecf3e22c39d46	780	Pfam	PF04122	Cell wall binding domain 2 (CWB2)	682	769	1.5e-10	T	03-12-2025	IPR007253	Cell wall binding repeat 2	-	-
tr|A0ABU2BP75|A0ABU2BP75_9MICC	560b037511a904583feecf3e22c39d46	780	Pfam	PF04122	Cell wall binding domain 2 (CWB2)	582	667	1.2e-11	T	03-12-2025	IPR007253	Cell wall binding repeat 2	-	-
tr|A0ABU2BP75|A0ABU2BP75_9MICC	560b037511a904583feecf3e22c39d46	780	Pfam	PF04122	Cell wall binding domain 2 (CWB2)	483	570	1.6e-15	T	03-12-2025	IPR007253	Cell wall binding repeat 2	-	-
tr|A0ABU2BP75|A0ABU2BP75_9MICC	560b037511a904583feecf3e22c39d46	780	Pfam	PF01183	Glycosyl hydrolases family 25	233	431	2.3e-37	T	03-12-2025	IPR002053	Glycoside hydrolase, family 25	-	-
tr|A0ABV9XBT4|A0ABV9XBT4_9ACTN	dcea5441b0152f504d67c15465caf27a	412	Pfam	PF01183	Glycosyl hydrolases family 25	48	241	1.8e-33	T	03-12-2025	IPR002053	Glycoside hydrolase, family 25	-	-
tr|A0ABV9XBT4|A0ABV9XBT4_9ACTN	dcea5441b0152f504d67c15465caf27a	412	Pfam	PF01471	Putative peptidoglycan binding domain	355	409	1.3e-15	T	03-12-2025	IPR002477	Peptidoglycan binding-like	-	-
tr|A0ABV9XBT4|A0ABV9XBT4_9ACTN	dcea5441b0152f504d67c15465caf27a	412	Pfam	PF01471	Putative peptidoglycan binding domain	291	345	1.4e-12	T	03-12-2025	IPR002477	Peptidoglycan binding-like	-	-
tr|A0ABV0I665|A0ABV0I665_9LACO	287ffee4e5421d2a69032c472554dee1	977	Pfam	PF01473	Putative cell wall binding repeat	829	842	19.0	T	03-12-2025	IPR018337	Cell wall/choline-binding repeat	-	-
tr|A0ABV0I665|A0ABV0I665_9LACO	287ffee4e5421d2a69032c472554dee1	977	Pfam	PF01473	Putative cell wall binding repeat	421	435	5.4	T	03-12-2025	IPR018337	Cell wall/choline-binding repeat	-	-
tr|A0ABV0I665|A0ABV0I665_9LACO	287ffee4e5421d2a69032c472554dee1	977	Pfam	PF01473	Putative cell wall binding repeat	701	714	19.0	T	03-12-2025	IPR018337	Cell wall/choline-binding repeat	-	-
tr|A0ABV0I665|A0ABV0I665_9LACO	287ffee4e5421d2a69032c472554dee1	977	Pfam	PF01473	Putative cell wall binding repeat	870	880	34.0	T	03-12-2025	IPR018337	Cell wall/choline-binding repeat	-	-
tr|A0ABV0I665|A0ABV0I665_9LACO	287ffee4e5421d2a69032c472554dee1	977	Pfam	PF01473	Putative cell wall binding repeat	486	496	310.0	T	03-12-2025	IPR018337	Cell wall/choline-binding repeat	-	-
tr|A0ABV0I665|A0ABV0I665_9LACO	287ffee4e5421d2a69032c472554dee1	977	Pfam	PF01473	Putative cell wall binding repeat	614	624	34.0	T	03-12-2025	IPR018337	Cell wall/choline-binding repeat	-	-
tr|A0ABV0I665|A0ABV0I665_9LACO	287ffee4e5421d2a69032c472554dee1	977	Pfam	PF01473	Putative cell wall binding repeat	742	752	34.0	T	03-12-2025	IPR018337	Cell wall/choline-binding repeat	-	-
tr|A0ABV0I665|A0ABV0I665_9LACO	287ffee4e5421d2a69032c472554dee1	977	Pfam	PF01473	Putative cell wall binding repeat	573	586	19.0	T	03-12-2025	IPR018337	Cell wall/choline-binding repeat	-	-
tr|A0ABV0I665|A0ABV0I665_9LACO	287ffee4e5421d2a69032c472554dee1	977	Pfam	PF01473	Putative cell wall binding repeat	935	947	490.0	T	03-12-2025	IPR018337	Cell wall/choline-binding repeat	-	-
tr|A0ABV0I665|A0ABV0I665_9LACO	287ffee4e5421d2a69032c472554dee1	977	Pfam	PF19127	Choline-binding repeat	244	286	0.00038	T	03-12-2025	IPR018337	Cell wall/choline-binding repeat	-	-
tr|A0ABV0I665|A0ABV0I665_9LACO	287ffee4e5421d2a69032c472554dee1	977	Pfam	PF01183	Glycosyl hydrolases family 25	32	206	4.7e-29	T	03-12-2025	IPR002053	Glycoside hydrolase, family 25	-	-
tr|A0AAJ1HVA6|A0AAJ1HVA6_LIMMU	81f7a2e4decc312efa2d9de03227b7f3	986	Pfam	PF01183	Glycosyl hydrolases family 25	199	373	2.5e-29	T	03-12-2025	IPR002053	Glycoside hydrolase, family 25	-	-
tr|A0AAJ1HVA6|A0AAJ1HVA6_LIMMU	81f7a2e4decc312efa2d9de03227b7f3	986	Pfam	PF19127	Choline-binding repeat	922	965	7.9e-05	T	03-12-2025	IPR018337	Cell wall/choline-binding repeat	-	-
tr|A0AAJ1HVA6|A0AAJ1HVA6_LIMMU	81f7a2e4decc312efa2d9de03227b7f3	986	Pfam	PF19127	Choline-binding repeat	677	712	0.0063	T	03-12-2025	IPR018337	Cell wall/choline-binding repeat	-	-
tr|A0AAJ1HVA6|A0AAJ1HVA6_LIMMU	81f7a2e4decc312efa2d9de03227b7f3	986	Pfam	PF19127	Choline-binding repeat	733	775	0.0044	T	03-12-2025	IPR018337	Cell wall/choline-binding repeat	-	-
tr|A0AAJ1HVA6|A0AAJ1HVA6_LIMMU	81f7a2e4decc312efa2d9de03227b7f3	986	Pfam	PF19127	Choline-binding repeat	796	838	0.0044	T	03-12-2025	IPR018337	Cell wall/choline-binding repeat	-	-
tr|A0AAJ1HVA6|A0AAJ1HVA6_LIMMU	81f7a2e4decc312efa2d9de03227b7f3	986	Pfam	PF19127	Choline-binding repeat	453	495	2.1e-06	T	03-12-2025	IPR018337	Cell wall/choline-binding repeat	-	-
tr|A0AAJ1HVA6|A0AAJ1HVA6_LIMMU	81f7a2e4decc312efa2d9de03227b7f3	986	Pfam	PF19127	Choline-binding repeat	859	901	0.0044	T	03-12-2025	IPR018337	Cell wall/choline-binding repeat	-	-
tr|A0AAJ1HVA6|A0AAJ1HVA6_LIMMU	81f7a2e4decc312efa2d9de03227b7f3	986	Pfam	PF01473	Putative cell wall binding repeat	435	451	75.0	T	03-12-2025	IPR018337	Cell wall/choline-binding repeat	-	-
tr|D9R8B5|D9R8B5_LACSW	90865a96944359a3bcdf744559292865	316	Pfam	PF01183	Glycosyl hydrolases family 25	70	236	7.1e-23	T	03-12-2025	IPR002053	Glycoside hydrolase, family 25	-	-
tr|D9R8B5|D9R8B5_LACSW	90865a96944359a3bcdf744559292865	316	Pfam	PF01473	Putative cell wall binding repeat	275	293	0.00087	T	03-12-2025	IPR018337	Cell wall/choline-binding repeat	-	-
tr|D9R8B5|D9R8B5_LACSW	90865a96944359a3bcdf744559292865	316	Pfam	PF01473	Putative cell wall binding repeat	257	270	290.0	T	03-12-2025	IPR018337	Cell wall/choline-binding repeat	-	-
tr|A0ABY7A903|A0ABY7A903_9FIRM	ea642433df7e29640c1b0232e5595149	316	Pfam	PF01473	Putative cell wall binding repeat	273	291	0.013	T	03-12-2025	IPR018337	Cell wall/choline-binding repeat	-	-
tr|A0ABY7A903|A0ABY7A903_9FIRM	ea642433df7e29640c1b0232e5595149	316	Pfam	PF01473	Putative cell wall binding repeat	255	268	1000.0	T	03-12-2025	IPR018337	Cell wall/choline-binding repeat	-	-
tr|A0ABY7A903|A0ABY7A903_9FIRM	ea642433df7e29640c1b0232e5595149	316	Pfam	PF01183	Glycosyl hydrolases family 25	58	234	2.7e-23	T	03-12-2025	IPR002053	Glycoside hydrolase, family 25	-	-
tr|A8RM37|A8RM37_ENTBW	1d52c085f5e802f73a894cbb9c718802	367	Pfam	PF01473	Putative cell wall binding repeat	323	341	0.0016	T	03-12-2025	IPR018337	Cell wall/choline-binding repeat	-	-
tr|A8RM37|A8RM37_ENTBW	1d52c085f5e802f73a894cbb9c718802	367	Pfam	PF01473	Putative cell wall binding repeat	305	317	140.0	T	03-12-2025	IPR018337	Cell wall/choline-binding repeat	-	-
tr|A8RM37|A8RM37_ENTBW	1d52c085f5e802f73a894cbb9c718802	367	Pfam	PF01183	Glycosyl hydrolases family 25	119	284	9.2e-21	T	03-12-2025	IPR002053	Glycoside hydrolase, family 25	-	-
tr|A0A1M5CY92|A0A1M5CY92_9CLOT	610d522dbb9305635ccb15e228d8f982	370	Pfam	PF01471	Putative peptidoglycan binding domain	331	367	2.5e-05	T	03-12-2025	IPR002477	Peptidoglycan binding-like	-	-
tr|A0A1M5CY92|A0A1M5CY92_9CLOT	610d522dbb9305635ccb15e228d8f982	370	Pfam	PF01471	Putative peptidoglycan binding domain	210	265	2.6e-14	T	03-12-2025	IPR002477	Peptidoglycan binding-like	-	-
tr|A0A1M5CY92|A0A1M5CY92_9CLOT	610d522dbb9305635ccb15e228d8f982	370	Pfam	PF01183	Glycosyl hydrolases family 25	6	181	2.7999999999999998e-24	T	03-12-2025	IPR002053	Glycoside hydrolase, family 25	-	-
tr|A0ABU4GPX7|A0ABU4GPX7_9CLOT	150b3b90a812b20a58ffa0c15f86add6	610	Pfam	PF01473	Putative cell wall binding repeat	470	488	100.0	T	03-12-2025	IPR018337	Cell wall/choline-binding repeat	-	-
tr|A0ABU4GPX7|A0ABU4GPX7_9CLOT	150b3b90a812b20a58ffa0c15f86add6	610	Pfam	PF01473	Putative cell wall binding repeat	268	283	3200.0	T	03-12-2025	IPR018337	Cell wall/choline-binding repeat	-	-
tr|A0ABU4GPX7|A0ABU4GPX7_9CLOT	150b3b90a812b20a58ffa0c15f86add6	610	Pfam	PF01473	Putative cell wall binding repeat	369	387	230.0	T	03-12-2025	IPR018337	Cell wall/choline-binding repeat	-	-
tr|A0ABU4GPX7|A0ABU4GPX7_9CLOT	150b3b90a812b20a58ffa0c15f86add6	610	Pfam	PF01473	Putative cell wall binding repeat	287	306	170.0	T	03-12-2025	IPR018337	Cell wall/choline-binding repeat	-	-
tr|A0ABU4GPX7|A0ABU4GPX7_9CLOT	150b3b90a812b20a58ffa0c15f86add6	610	Pfam	PF01473	Putative cell wall binding repeat	389	407	0.42	T	03-12-2025	IPR018337	Cell wall/choline-binding repeat	-	-
tr|A0ABU4GPX7|A0ABU4GPX7_9CLOT	150b3b90a812b20a58ffa0c15f86add6	610	Pfam	PF01183	Glycosyl hydrolases family 25	57	227	4.4000000000000005e-27	T	03-12-2025	IPR002053	Glycoside hydrolase, family 25	-	-
tr|A0ABU4GPX7|A0ABU4GPX7_9CLOT	150b3b90a812b20a58ffa0c15f86add6	610	Pfam	PF19127	Choline-binding repeat	428	463	8.1e-06	T	03-12-2025	IPR018337	Cell wall/choline-binding repeat	-	-
tr|A0ABU4GPX7|A0ABU4GPX7_9CLOT	150b3b90a812b20a58ffa0c15f86add6	610	Pfam	PF19127	Choline-binding repeat	308	348	2.5e-05	T	03-12-2025	IPR018337	Cell wall/choline-binding repeat	-	-
tr|A0ABU4GPX7|A0ABU4GPX7_9CLOT	150b3b90a812b20a58ffa0c15f86add6	610	Pfam	PF19127	Choline-binding repeat	492	533	7e-05	T	03-12-2025	IPR018337	Cell wall/choline-binding repeat	-	-
tr|A0ABV1AZ21|A0ABV1AZ21_9FIRM	4784263910126a6cb4aa9b53a9d6abdf	473	Pfam	PF01473	Putative cell wall binding repeat	250	267	87.0	T	03-12-2025	IPR018337	Cell wall/choline-binding repeat	-	-
tr|A0ABV1AZ21|A0ABV1AZ21_9FIRM	4784263910126a6cb4aa9b53a9d6abdf	473	Pfam	PF01473	Putative cell wall binding repeat	230	240	2900.0	T	03-12-2025	IPR018337	Cell wall/choline-binding repeat	-	-
tr|A0ABV1AZ21|A0ABV1AZ21_9FIRM	4784263910126a6cb4aa9b53a9d6abdf	473	Pfam	PF01183	Glycosyl hydrolases family 25	276	460	2.1999999999999996e-24	T	03-12-2025	IPR002053	Glycoside hydrolase, family 25	-	-
tr|Q97HY0|Q97HY0_CLOAB	369762e3bbb16cdaadddbe0cd1fe3e55	351	Pfam	PF01471	Putative peptidoglycan binding domain	229	284	1.4e-09	T	03-12-2025	IPR002477	Peptidoglycan binding-like	-	-
tr|Q97HY0|Q97HY0_CLOAB	369762e3bbb16cdaadddbe0cd1fe3e55	351	Pfam	PF01471	Putative peptidoglycan binding domain	308	349	0.0029	T	03-12-2025	IPR002477	Peptidoglycan binding-like	-	-
tr|Q97HY0|Q97HY0_CLOAB	369762e3bbb16cdaadddbe0cd1fe3e55	351	Pfam	PF01183	Glycosyl hydrolases family 25	33	200	2.9999999999999997e-47	T	03-12-2025	IPR002053	Glycoside hydrolase, family 25	-	-
tr|A0AAQ2XL68|A0AAQ2XL68_9LACO	73f5eebdc1c8d5b0810f5ed296ae148c	882	Pfam	PF01473	Putative cell wall binding repeat	339	355	1100.0	T	03-12-2025	IPR018337	Cell wall/choline-binding repeat	-	-
tr|A0AAQ2XL68|A0AAQ2XL68_9LACO	73f5eebdc1c8d5b0810f5ed296ae148c	882	Pfam	PF01473	Putative cell wall binding repeat	298	312	5.2	T	03-12-2025	IPR018337	Cell wall/choline-binding repeat	-	-
tr|A0AAQ2XL68|A0AAQ2XL68_9LACO	73f5eebdc1c8d5b0810f5ed296ae148c	882	Pfam	PF01473	Putative cell wall binding repeat	778	794	1600.0	T	03-12-2025	IPR018337	Cell wall/choline-binding repeat	-	-
tr|A0AAQ2XL68|A0AAQ2XL68_9LACO	73f5eebdc1c8d5b0810f5ed296ae148c	882	Pfam	PF01473	Putative cell wall binding repeat	692	708	1600.0	T	03-12-2025	IPR018337	Cell wall/choline-binding repeat	-	-
tr|A0AAQ2XL68|A0AAQ2XL68_9LACO	73f5eebdc1c8d5b0810f5ed296ae148c	882	Pfam	PF01473	Putative cell wall binding repeat	520	536	950.0	T	03-12-2025	IPR018337	Cell wall/choline-binding repeat	-	-
tr|A0AAQ2XL68|A0AAQ2XL68_9LACO	73f5eebdc1c8d5b0810f5ed296ae148c	882	Pfam	PF19127	Choline-binding repeat	796	839	5.9e-05	T	03-12-2025	IPR018337	Cell wall/choline-binding repeat	-	-
tr|A0AAQ2XL68|A0AAQ2XL68_9LACO	73f5eebdc1c8d5b0810f5ed296ae148c	882	Pfam	PF19127	Choline-binding repeat	443	484	0.0008	T	03-12-2025	IPR018337	Cell wall/choline-binding repeat	-	-
tr|A0AAQ2XL68|A0AAQ2XL68_9LACO	73f5eebdc1c8d5b0810f5ed296ae148c	882	Pfam	PF19127	Choline-binding repeat	624	667	6.1e-05	T	03-12-2025	IPR018337	Cell wall/choline-binding repeat	-	-
tr|A0AAQ2XL68|A0AAQ2XL68_9LACO	73f5eebdc1c8d5b0810f5ed296ae148c	882	Pfam	PF19127	Choline-binding repeat	710	753	0.00026	T	03-12-2025	IPR018337	Cell wall/choline-binding repeat	-	-
tr|A0AAQ2XL68|A0AAQ2XL68_9LACO	73f5eebdc1c8d5b0810f5ed296ae148c	882	Pfam	PF19127	Choline-binding repeat	538	581	6.8e-05	T	03-12-2025	IPR018337	Cell wall/choline-binding repeat	-	-
tr|A0AAQ2XL68|A0AAQ2XL68_9LACO	73f5eebdc1c8d5b0810f5ed296ae148c	882	Pfam	PF19127	Choline-binding repeat	357	400	2.4e-05	T	03-12-2025	IPR018337	Cell wall/choline-binding repeat	-	-
tr|A0AAQ2XL68|A0AAQ2XL68_9LACO	73f5eebdc1c8d5b0810f5ed296ae148c	882	Pfam	PF01183	Glycosyl hydrolases family 25	69	250	2.7e-26	T	03-12-2025	IPR002053	Glycoside hydrolase, family 25	-	-
tr|A0ABW2G4B0|A0ABW2G4B0_9ACTN	13f72b30544074399b846e348df3eff5	453	Pfam	PF01183	Glycosyl hydrolases family 25	108	291	9.2e-44	T	03-12-2025	IPR002053	Glycoside hydrolase, family 25	-	-
tr|A0ABW2G4B0|A0ABW2G4B0_9ACTN	13f72b30544074399b846e348df3eff5	453	Pfam	PF01471	Putative peptidoglycan binding domain	332	386	1.7e-10	T	03-12-2025	IPR002477	Peptidoglycan binding-like	-	-
tr|A0ABW2G4B0|A0ABW2G4B0_9ACTN	13f72b30544074399b846e348df3eff5	453	Pfam	PF01471	Putative peptidoglycan binding domain	396	447	0.035	T	03-12-2025	IPR002477	Peptidoglycan binding-like	-	-
tr|D4J5M3|D4J5M3_9FIRM	126fc1a5bf3d8f98fd301e1827eaa1a1	838	Pfam	PF01183	Glycosyl hydrolases family 25	142	331	6.1e-29	T	03-12-2025	IPR002053	Glycoside hydrolase, family 25	-	-
tr|D4J5M3|D4J5M3_9FIRM	126fc1a5bf3d8f98fd301e1827eaa1a1	838	Pfam	PF14200	Ricin-type beta-trefoil lectin domain-like	742	824	2.3e-11	T	03-12-2025	IPR000772	Ricin B, lectin domain	-	-
tr|D4J5M3|D4J5M3_9FIRM	126fc1a5bf3d8f98fd301e1827eaa1a1	838	Pfam	PF14200	Ricin-type beta-trefoil lectin domain-like	494	577	1.6e-11	T	03-12-2025	IPR000772	Ricin B, lectin domain	-	-
tr|A0A542ZGV4|A0A542ZGV4_9MICO	ebddf0b55715c1495f7af66357c8c0ef	546	Pfam	PF01183	Glycosyl hydrolases family 25	41	232	3.3e-35	T	03-12-2025	IPR002053	Glycoside hydrolase, family 25	-	-
tr|A0A542ZGV4|A0A542ZGV4_9MICO	ebddf0b55715c1495f7af66357c8c0ef	546	Pfam	PF01471	Putative peptidoglycan binding domain	497	544	1.4e-07	T	03-12-2025	IPR002477	Peptidoglycan binding-like	-	-
tr|A0A542ZGV4|A0A542ZGV4_9MICO	ebddf0b55715c1495f7af66357c8c0ef	546	Pfam	PF01471	Putative peptidoglycan binding domain	414	462	0.00023	T	03-12-2025	IPR002477	Peptidoglycan binding-like	-	-
tr|A0A542ZGV4|A0A542ZGV4_9MICO	ebddf0b55715c1495f7af66357c8c0ef	546	Pfam	PF01471	Putative peptidoglycan binding domain	317	353	0.0009	T	03-12-2025	IPR002477	Peptidoglycan binding-like	-	-
tr|A0ABX4MVX9|A0ABX4MVX9_9MICC	6f96a143ff04644f42e13175548fb13b	739	Pfam	PF01183	Glycosyl hydrolases family 25	191	391	5.1e-40	T	03-12-2025	IPR002053	Glycoside hydrolase, family 25	-	-
tr|A0ABX4MVX9|A0ABX4MVX9_9MICC	6f96a143ff04644f42e13175548fb13b	739	Pfam	PF04122	Cell wall binding domain 2 (CWB2)	441	527	7.5e-14	T	03-12-2025	IPR007253	Cell wall binding repeat 2	-	-
tr|A0ABX4MVX9|A0ABX4MVX9_9MICC	6f96a143ff04644f42e13175548fb13b	739	Pfam	PF04122	Cell wall binding domain 2 (CWB2)	540	625	8.1e-12	T	03-12-2025	IPR007253	Cell wall binding repeat 2	-	-
tr|A0ABX4MVX9|A0ABX4MVX9_9MICC	6f96a143ff04644f42e13175548fb13b	739	Pfam	PF04122	Cell wall binding domain 2 (CWB2)	640	727	7.9e-10	T	03-12-2025	IPR007253	Cell wall binding repeat 2	-	-
tr|A0ABT5G9G4|A0ABT5G9G4_9ACTN	8f8a7b6d6a102802fe09fd7a36c4ed48	448	Pfam	PF01183	Glycosyl hydrolases family 25	246	425	1.6e-34	T	03-12-2025	IPR002053	Glycoside hydrolase, family 25	-	-
tr|A0ABT5G9G4|A0ABT5G9G4_9ACTN	8f8a7b6d6a102802fe09fd7a36c4ed48	448	Pfam	PF01471	Putative peptidoglycan binding domain	152	211	1.3e-07	T	03-12-2025	IPR002477	Peptidoglycan binding-like	-	-
tr|A0ABT5G9G4|A0ABT5G9G4_9ACTN	8f8a7b6d6a102802fe09fd7a36c4ed48	448	Pfam	PF01471	Putative peptidoglycan binding domain	73	113	4.3e-10	T	03-12-2025	IPR002477	Peptidoglycan binding-like	-	-
tr|A0ABW8AUM1|A0ABW8AUM1_9FIRM	fe3bea5ba918669e03745a85ecb02b33	637	Pfam	PF19127	Choline-binding repeat	579	623	1.9e-05	T	03-12-2025	IPR018337	Cell wall/choline-binding repeat	-	-
tr|A0ABW8AUM1|A0ABW8AUM1_9FIRM	fe3bea5ba918669e03745a85ecb02b33	637	Pfam	PF19127	Choline-binding repeat	334	372	0.00078	T	03-12-2025	IPR018337	Cell wall/choline-binding repeat	-	-
tr|A0ABW8AUM1|A0ABW8AUM1_9FIRM	fe3bea5ba918669e03745a85ecb02b33	637	Pfam	PF19127	Choline-binding repeat	456	495	0.0015	T	03-12-2025	IPR018337	Cell wall/choline-binding repeat	-	-
tr|A0ABW8AUM1|A0ABW8AUM1_9FIRM	fe3bea5ba918669e03745a85ecb02b33	637	Pfam	PF19127	Choline-binding repeat	374	413	0.0061	T	03-12-2025	IPR018337	Cell wall/choline-binding repeat	-	-
tr|A0ABW8AUM1|A0ABW8AUM1_9FIRM	fe3bea5ba918669e03745a85ecb02b33	637	Pfam	PF19127	Choline-binding repeat	497	537	0.0018	T	03-12-2025	IPR018337	Cell wall/choline-binding repeat	-	-
tr|A0ABW8AUM1|A0ABW8AUM1_9FIRM	fe3bea5ba918669e03745a85ecb02b33	637	Pfam	PF19127	Choline-binding repeat	415	455	0.0019	T	03-12-2025	IPR018337	Cell wall/choline-binding repeat	-	-
tr|A0ABW8AUM1|A0ABW8AUM1_9FIRM	fe3bea5ba918669e03745a85ecb02b33	637	Pfam	PF01183	Glycosyl hydrolases family 25	99	275	2.2e-23	T	03-12-2025	IPR002053	Glycoside hydrolase, family 25	-	-
tr|A0ABW8AUM1|A0ABW8AUM1_9FIRM	fe3bea5ba918669e03745a85ecb02b33	637	Pfam	PF01473	Putative cell wall binding repeat	561	571	140.0	T	03-12-2025	IPR018337	Cell wall/choline-binding repeat	-	-
tr|A0ABW8AUM1|A0ABW8AUM1_9FIRM	fe3bea5ba918669e03745a85ecb02b33	637	Pfam	PF01473	Putative cell wall binding repeat	315	331	27.0	T	03-12-2025	IPR018337	Cell wall/choline-binding repeat	-	-
sp|P15057|LYS_BPCP1	fffd09fe61d9e1e2df1140c60455143d	339	Pfam	PF01473	Putative cell wall binding repeat	243	260	0.0045	T	03-12-2025	IPR018337	Cell wall/choline-binding repeat	-	-
sp|P15057|LYS_BPCP1	fffd09fe61d9e1e2df1140c60455143d	339	Pfam	PF01473	Putative cell wall binding repeat	221	238	0.4	T	03-12-2025	IPR018337	Cell wall/choline-binding repeat	-	-
sp|P15057|LYS_BPCP1	fffd09fe61d9e1e2df1140c60455143d	339	Pfam	PF19127	Choline-binding repeat	261	306	5.6e-09	T	03-12-2025	IPR018337	Cell wall/choline-binding repeat	-	-
sp|P15057|LYS_BPCP1	fffd09fe61d9e1e2df1140c60455143d	339	Pfam	PF01183	Glycosyl hydrolases family 25	9	180	5.3e-26	T	03-12-2025	IPR002053	Glycoside hydrolase, family 25	-	-
tr|A0ABV5UGG8|A0ABV5UGG8_9PSEU	86f1d8bdf2d36d6bf1ac25dfeaebb909	437	Pfam	PF01471	Putative peptidoglycan binding domain	43	102	2.7e-08	T	03-12-2025	IPR002477	Peptidoglycan binding-like	-	-
tr|A0ABV5UGG8|A0ABV5UGG8_9PSEU	86f1d8bdf2d36d6bf1ac25dfeaebb909	437	Pfam	PF01471	Putative peptidoglycan binding domain	141	199	2.5e-06	T	03-12-2025	IPR002477	Peptidoglycan binding-like	-	-
tr|A0ABV5UGG8|A0ABV5UGG8_9PSEU	86f1d8bdf2d36d6bf1ac25dfeaebb909	437	Pfam	PF01183	Glycosyl hydrolases family 25	224	413	7.2e-32	T	03-12-2025	IPR002053	Glycoside hydrolase, family 25	-	-
tr|A0A1M6BYF4|A0A1M6BYF4_BUTFI	f001772650b34fc6486259eb1753cbb8	612	Pfam	PF01473	Putative cell wall binding repeat	560	577	87.0	T	03-12-2025	IPR018337	Cell wall/choline-binding repeat	-	-
tr|A0A1M6BYF4|A0A1M6BYF4_BUTFI	f001772650b34fc6486259eb1753cbb8	612	Pfam	PF01473	Putative cell wall binding repeat	355	373	250.0	T	03-12-2025	IPR018337	Cell wall/choline-binding repeat	-	-
tr|A0A1M6BYF4|A0A1M6BYF4_BUTFI	f001772650b34fc6486259eb1753cbb8	612	Pfam	PF01473	Putative cell wall binding repeat	301	312	750.0	T	03-12-2025	IPR018337	Cell wall/choline-binding repeat	-	-
tr|A0A1M6BYF4|A0A1M6BYF4_BUTFI	f001772650b34fc6486259eb1753cbb8	612	Pfam	PF01183	Glycosyl hydrolases family 25	43	211	2.6000000000000004e-28	T	03-12-2025	IPR002053	Glycoside hydrolase, family 25	-	-
tr|Q97FV5|Q97FV5_CLOAB	5ae2290cbcfb505d9e51c15e70ce4642	325	Pfam	PF01183	Glycosyl hydrolases family 25	4	171	2e-49	T	03-12-2025	IPR002053	Glycoside hydrolase, family 25	-	-
tr|Q97FV5|Q97FV5_CLOAB	5ae2290cbcfb505d9e51c15e70ce4642	325	Pfam	PF01471	Putative peptidoglycan binding domain	280	320	3.5e-09	T	03-12-2025	IPR002477	Peptidoglycan binding-like	-	-
tr|Q97FV5|Q97FV5_CLOAB	5ae2290cbcfb505d9e51c15e70ce4642	325	Pfam	PF01471	Putative peptidoglycan binding domain	200	253	2.8e-11	T	03-12-2025	IPR002477	Peptidoglycan binding-like	-	-
tr|A0ABV1IQ36|A0ABV1IQ36_9FIRM	c304600e4005cbcbf58f0b5da28d7b4e	497	Pfam	PF01473	Putative cell wall binding repeat	259	271	2700.0	T	03-12-2025	IPR018337	Cell wall/choline-binding repeat	-	-
tr|A0ABV1IQ36|A0ABV1IQ36_9FIRM	c304600e4005cbcbf58f0b5da28d7b4e	497	Pfam	PF01473	Putative cell wall binding repeat	283	296	660.0	T	03-12-2025	IPR018337	Cell wall/choline-binding repeat	-	-
tr|A0ABV1IQ36|A0ABV1IQ36_9FIRM	c304600e4005cbcbf58f0b5da28d7b4e	497	Pfam	PF01183	Glycosyl hydrolases family 25	304	484	1.4999999999999998e-24	T	03-12-2025	IPR002053	Glycoside hydrolase, family 25	-	-
tr|A0ABW8T8M5|A0ABW8T8M5_9CLOT	c2b298733d39312c8f82205d50454c1c	328	Pfam	PF01471	Putative peptidoglycan binding domain	200	253	3.9e-08	T	03-12-2025	IPR002477	Peptidoglycan binding-like	-	-
tr|A0ABW8T8M5|A0ABW8T8M5_9CLOT	c2b298733d39312c8f82205d50454c1c	328	Pfam	PF01471	Putative peptidoglycan binding domain	283	325	6.7e-05	T	03-12-2025	IPR002477	Peptidoglycan binding-like	-	-
tr|A0ABW8T8M5|A0ABW8T8M5_9CLOT	c2b298733d39312c8f82205d50454c1c	328	Pfam	PF01183	Glycosyl hydrolases family 25	4	170	1.3e-31	T	03-12-2025	IPR002053	Glycoside hydrolase, family 25	-	-
tr|A0ABY7AFC8|A0ABY7AFC8_9FIRM	3d08d084d963f7259a125e91faacc9cc	606	Pfam	PF01183	Glycosyl hydrolases family 25	60	230	3.1000000000000002e-27	T	03-12-2025	IPR002053	Glycoside hydrolase, family 25	-	-
tr|A0ABY7AFC8|A0ABY7AFC8_9FIRM	3d08d084d963f7259a125e91faacc9cc	606	Pfam	PF01473	Putative cell wall binding repeat	432	450	11.0	T	03-12-2025	IPR018337	Cell wall/choline-binding repeat	-	-
tr|A0ABY7AFC8|A0ABY7AFC8_9FIRM	3d08d084d963f7259a125e91faacc9cc	606	Pfam	PF01473	Putative cell wall binding repeat	290	309	55.0	T	03-12-2025	IPR018337	Cell wall/choline-binding repeat	-	-
tr|A0ABY7AFC8|A0ABY7AFC8_9FIRM	3d08d084d963f7259a125e91faacc9cc	606	Pfam	PF01473	Putative cell wall binding repeat	311	329	0.4	T	03-12-2025	IPR018337	Cell wall/choline-binding repeat	-	-
tr|A0ABY7AFC8|A0ABY7AFC8_9FIRM	3d08d084d963f7259a125e91faacc9cc	606	Pfam	PF19127	Choline-binding repeat	494	536	7.2e-07	T	03-12-2025	IPR018337	Cell wall/choline-binding repeat	-	-
tr|A0ABY7AFC8|A0ABY7AFC8_9FIRM	3d08d084d963f7259a125e91faacc9cc	606	Pfam	PF19127	Choline-binding repeat	331	372	9.7e-07	T	03-12-2025	IPR018337	Cell wall/choline-binding repeat	-	-
tr|A0ABY7AFC8|A0ABY7AFC8_9FIRM	3d08d084d963f7259a125e91faacc9cc	606	Pfam	PF19127	Choline-binding repeat	392	431	2.4e-06	T	03-12-2025	IPR018337	Cell wall/choline-binding repeat	-	-
tr|A0ABY7AFC8|A0ABY7AFC8_9FIRM	3d08d084d963f7259a125e91faacc9cc	606	Pfam	PF19127	Choline-binding repeat	452	492	2.8e-05	T	03-12-2025	IPR018337	Cell wall/choline-binding repeat	-	-
tr|A8SEN9|A8SEN9_9FIRM	3b07250c9d71ea5c2a6d8e1cb111483a	477	Pfam	PF01183	Glycosyl hydrolases family 25	280	464	8e-24	T	03-12-2025	IPR002053	Glycoside hydrolase, family 25	-	-
tr|A8SEN9|A8SEN9_9FIRM	3b07250c9d71ea5c2a6d8e1cb111483a	477	Pfam	PF01473	Putative cell wall binding repeat	254	271	88.0	T	03-12-2025	IPR018337	Cell wall/choline-binding repeat	-	-
tr|A8SEN9|A8SEN9_9FIRM	3b07250c9d71ea5c2a6d8e1cb111483a	477	Pfam	PF01473	Putative cell wall binding repeat	234	245	1900.0	T	03-12-2025	IPR018337	Cell wall/choline-binding repeat	-	-
tr|A0ABV1C448|A0ABV1C448_9FIRM	448b5eb7831b22d443a9ef5d742a842d	475	Pfam	PF01183	Glycosyl hydrolases family 25	278	462	9.899999999999999e-24	T	03-12-2025	IPR002053	Glycoside hydrolase, family 25	-	-
tr|A0ABV1C448|A0ABV1C448_9FIRM	448b5eb7831b22d443a9ef5d742a842d	475	Pfam	PF01473	Putative cell wall binding repeat	252	269	88.0	T	03-12-2025	IPR018337	Cell wall/choline-binding repeat	-	-
tr|A0ABV1C448|A0ABV1C448_9FIRM	448b5eb7831b22d443a9ef5d742a842d	475	Pfam	PF01473	Putative cell wall binding repeat	232	243	1900.0	T	03-12-2025	IPR018337	Cell wall/choline-binding repeat	-	-
tr|A0A1C4H6F1|A0A1C4H6F1_9BIFI	30ffe94963b782205f76d612c7be6b6a	925	Pfam	PF14200	Ricin-type beta-trefoil lectin domain-like	612	703	2.8e-12	T	03-12-2025	IPR000772	Ricin B, lectin domain	-	-
tr|A0A1C4H6F1|A0A1C4H6F1_9BIFI	30ffe94963b782205f76d612c7be6b6a	925	Pfam	PF14200	Ricin-type beta-trefoil lectin domain-like	824	911	9.5e-15	T	03-12-2025	IPR000772	Ricin B, lectin domain	-	-
tr|A0A1C4H6F1|A0A1C4H6F1_9BIFI	30ffe94963b782205f76d612c7be6b6a	925	Pfam	PF14200	Ricin-type beta-trefoil lectin domain-like	710	817	0.00012	T	03-12-2025	IPR000772	Ricin B, lectin domain	-	-
tr|A0A1C4H6F1|A0A1C4H6F1_9BIFI	30ffe94963b782205f76d612c7be6b6a	925	Pfam	PF14200	Ricin-type beta-trefoil lectin domain-like	517	605	2e-17	T	03-12-2025	IPR000772	Ricin B, lectin domain	-	-
tr|A0A1C4H6F1|A0A1C4H6F1_9BIFI	30ffe94963b782205f76d612c7be6b6a	925	Pfam	PF01183	Glycosyl hydrolases family 25	263	448	2.5e-19	T	03-12-2025	IPR002053	Glycoside hydrolase, family 25	-	-
tr|D4KB49|D4KB49_9FIRM	cfb9279c0945fe5920498b86db320e9d	477	Pfam	PF01183	Glycosyl hydrolases family 25	280	464	2.2999999999999997e-24	T	03-12-2025	IPR002053	Glycoside hydrolase, family 25	-	-
tr|D4KB49|D4KB49_9FIRM	cfb9279c0945fe5920498b86db320e9d	477	Pfam	PF01473	Putative cell wall binding repeat	254	271	88.0	T	03-12-2025	IPR018337	Cell wall/choline-binding repeat	-	-
tr|D4KB49|D4KB49_9FIRM	cfb9279c0945fe5920498b86db320e9d	477	Pfam	PF01473	Putative cell wall binding repeat	234	245	1900.0	T	03-12-2025	IPR018337	Cell wall/choline-binding repeat	-	-
tr|Q9Z4J8|Q9Z4J8_STREE	115969d5c8efe7af30b74524b0a68f09	501	Pfam	PF19085	Choline-binding repeat	231	267	9.9e-06	T	03-12-2025	IPR018337	Cell wall/choline-binding repeat	-	-
tr|Q9Z4J8|Q9Z4J8_STREE	115969d5c8efe7af30b74524b0a68f09	501	Pfam	PF01473	Putative cell wall binding repeat	154	171	1.9	T	03-12-2025	IPR018337	Cell wall/choline-binding repeat	-	-
tr|Q9Z4J8|Q9Z4J8_STREE	115969d5c8efe7af30b74524b0a68f09	501	Pfam	PF01473	Putative cell wall binding repeat	130	149	1200.0	T	03-12-2025	IPR018337	Cell wall/choline-binding repeat	-	-
tr|Q9Z4J8|Q9Z4J8_STREE	115969d5c8efe7af30b74524b0a68f09	501	Pfam	PF01183	Glycosyl hydrolases family 25	305	491	7.6e-16	T	03-12-2025	IPR002053	Glycoside hydrolase, family 25	-	-
tr|A0ABV1BFC5|A0ABV1BFC5_9FIRM	07c99f8893983311344ba70cccb14f56	511	Pfam	PF01183	Glycosyl hydrolases family 25	83	252	1.1000000000000001e-27	T	03-12-2025	IPR002053	Glycoside hydrolase, family 25	-	-
tr|A0ABV1BFC5|A0ABV1BFC5_9FIRM	07c99f8893983311344ba70cccb14f56	511	Pfam	PF19127	Choline-binding repeat	374	416	0.0013	T	03-12-2025	IPR018337	Cell wall/choline-binding repeat	-	-
tr|A0ABV1BFC5|A0ABV1BFC5_9FIRM	07c99f8893983311344ba70cccb14f56	511	Pfam	PF01473	Putative cell wall binding repeat	442	459	2200.0	T	03-12-2025	IPR018337	Cell wall/choline-binding repeat	-	-
tr|A0ABV1BFC5|A0ABV1BFC5_9FIRM	07c99f8893983311344ba70cccb14f56	511	Pfam	PF01473	Putative cell wall binding repeat	330	341	190.0	T	03-12-2025	IPR018337	Cell wall/choline-binding repeat	-	-
tr|A0ABV1BFC5|A0ABV1BFC5_9FIRM	07c99f8893983311344ba70cccb14f56	511	Pfam	PF01473	Putative cell wall binding repeat	312	326	2600.0	T	03-12-2025	IPR018337	Cell wall/choline-binding repeat	-	-
tr|C1C8G4|C1C8G4_STRP7	bfdc2cd4bf9cc0d07c9e053aff972390	490	Pfam	PF19085	Choline-binding repeat	220	256	1.1e-05	T	03-12-2025	IPR018337	Cell wall/choline-binding repeat	-	-
tr|C1C8G4|C1C8G4_STRP7	bfdc2cd4bf9cc0d07c9e053aff972390	490	Pfam	PF01183	Glycosyl hydrolases family 25	294	480	1.1e-15	T	03-12-2025	IPR002053	Glycoside hydrolase, family 25	-	-
tr|C1C8G4|C1C8G4_STRP7	bfdc2cd4bf9cc0d07c9e053aff972390	490	Pfam	PF01473	Putative cell wall binding repeat	119	138	1100.0	T	03-12-2025	IPR018337	Cell wall/choline-binding repeat	-	-
tr|C1C8G4|C1C8G4_STRP7	bfdc2cd4bf9cc0d07c9e053aff972390	490	Pfam	PF01473	Putative cell wall binding repeat	143	160	1.8	T	03-12-2025	IPR018337	Cell wall/choline-binding repeat	-	-
tr|C1CFF6|C1CFF6_STRZJ	71bbffc7c0fe5b2bfbac702c96d6b329	490	Pfam	PF01183	Glycosyl hydrolases family 25	294	480	7.2e-16	T	03-12-2025	IPR002053	Glycoside hydrolase, family 25	-	-
tr|C1CFF6|C1CFF6_STRZJ	71bbffc7c0fe5b2bfbac702c96d6b329	490	Pfam	PF01473	Putative cell wall binding repeat	119	138	1100.0	T	03-12-2025	IPR018337	Cell wall/choline-binding repeat	-	-
tr|C1CFF6|C1CFF6_STRZJ	71bbffc7c0fe5b2bfbac702c96d6b329	490	Pfam	PF01473	Putative cell wall binding repeat	143	160	1.8	T	03-12-2025	IPR018337	Cell wall/choline-binding repeat	-	-
tr|C1CFF6|C1CFF6_STRZJ	71bbffc7c0fe5b2bfbac702c96d6b329	490	Pfam	PF19085	Choline-binding repeat	220	256	1e-05	T	03-12-2025	IPR018337	Cell wall/choline-binding repeat	-	-
tr|A0AAJ1HR10|A0AAJ1HR10_LIMMU	1f46c4893884e52c8f630f77a8330fef	982	Pfam	PF01473	Putative cell wall binding repeat	875	888	1.6	T	03-12-2025	IPR018337	Cell wall/choline-binding repeat	-	-
tr|A0AAJ1HR10|A0AAJ1HR10_LIMMU	1f46c4893884e52c8f630f77a8330fef	982	Pfam	PF01473	Putative cell wall binding repeat	747	760	1.6	T	03-12-2025	IPR018337	Cell wall/choline-binding repeat	-	-
tr|A0AAJ1HR10|A0AAJ1HR10_LIMMU	1f46c4893884e52c8f630f77a8330fef	982	Pfam	PF01473	Putative cell wall binding repeat	852	865	1700.0	T	03-12-2025	IPR018337	Cell wall/choline-binding repeat	-	-
tr|A0AAJ1HR10|A0AAJ1HR10_LIMMU	1f46c4893884e52c8f630f77a8330fef	982	Pfam	PF01473	Putative cell wall binding repeat	481	491	700.0	T	03-12-2025	IPR018337	Cell wall/choline-binding repeat	-	-
tr|A0AAJ1HR10|A0AAJ1HR10_LIMMU	1f46c4893884e52c8f630f77a8330fef	982	Pfam	PF01473	Putative cell wall binding repeat	962	974	490.0	T	03-12-2025	IPR018337	Cell wall/choline-binding repeat	-	-
tr|A0AAJ1HR10|A0AAJ1HR10_LIMMU	1f46c4893884e52c8f630f77a8330fef	982	Pfam	PF01473	Putative cell wall binding repeat	724	737	1700.0	T	03-12-2025	IPR018337	Cell wall/choline-binding repeat	-	-
tr|A0AAJ1HR10|A0AAJ1HR10_LIMMU	1f46c4893884e52c8f630f77a8330fef	982	Pfam	PF19127	Choline-binding repeat	415	457	4e-05	T	03-12-2025	IPR018337	Cell wall/choline-binding repeat	-	-
tr|A0AAJ1HR10|A0AAJ1HR10_LIMMU	1f46c4893884e52c8f630f77a8330fef	982	Pfam	PF19127	Choline-binding repeat	570	612	0.0028	T	03-12-2025	IPR018337	Cell wall/choline-binding repeat	-	-
tr|A0AAJ1HR10|A0AAJ1HR10_LIMMU	1f46c4893884e52c8f630f77a8330fef	982	Pfam	PF19127	Choline-binding repeat	891	932	0.0097	T	03-12-2025	IPR018337	Cell wall/choline-binding repeat	-	-
tr|A0AAJ1HR10|A0AAJ1HR10_LIMMU	1f46c4893884e52c8f630f77a8330fef	982	Pfam	PF19127	Choline-binding repeat	641	676	0.00014	T	03-12-2025	IPR018337	Cell wall/choline-binding repeat	-	-
tr|A0AAJ1HR10|A0AAJ1HR10_LIMMU	1f46c4893884e52c8f630f77a8330fef	982	Pfam	PF19127	Choline-binding repeat	763	804	0.0097	T	03-12-2025	IPR018337	Cell wall/choline-binding repeat	-	-
tr|A0AAJ1HR10|A0AAJ1HR10_LIMMU	1f46c4893884e52c8f630f77a8330fef	982	Pfam	PF01183	Glycosyl hydrolases family 25	203	377	2.7e-29	T	03-12-2025	IPR002053	Glycoside hydrolase, family 25	-	-
tr|A0ABV1D0R2|A0ABV1D0R2_9FIRM	6af6afbc54635b5beb1c3e4dfeabb46f	630	Pfam	PF01473	Putative cell wall binding repeat	354	371	0.03	T	03-12-2025	IPR018337	Cell wall/choline-binding repeat	-	-
tr|A0ABV1D0R2|A0ABV1D0R2_9FIRM	6af6afbc54635b5beb1c3e4dfeabb46f	630	Pfam	PF01473	Putative cell wall binding repeat	334	352	1100.0	T	03-12-2025	IPR018337	Cell wall/choline-binding repeat	-	-
tr|A0ABV1D0R2|A0ABV1D0R2_9FIRM	6af6afbc54635b5beb1c3e4dfeabb46f	630	Pfam	PF01473	Putative cell wall binding repeat	415	431	1.7	T	03-12-2025	IPR018337	Cell wall/choline-binding repeat	-	-
tr|A0ABV1D0R2|A0ABV1D0R2_9FIRM	6af6afbc54635b5beb1c3e4dfeabb46f	630	Pfam	PF01473	Putative cell wall binding repeat	454	472	13.0	T	03-12-2025	IPR018337	Cell wall/choline-binding repeat	-	-
tr|A0ABV1D0R2|A0ABV1D0R2_9FIRM	6af6afbc54635b5beb1c3e4dfeabb46f	630	Pfam	PF01473	Putative cell wall binding repeat	435	452	0.14	T	03-12-2025	IPR018337	Cell wall/choline-binding repeat	-	-
tr|A0ABV1D0R2|A0ABV1D0R2_9FIRM	6af6afbc54635b5beb1c3e4dfeabb46f	630	Pfam	PF19127	Choline-binding repeat	473	517	1.4e-06	T	03-12-2025	IPR018337	Cell wall/choline-binding repeat	-	-
tr|A0ABV1D0R2|A0ABV1D0R2_9FIRM	6af6afbc54635b5beb1c3e4dfeabb46f	630	Pfam	PF19127	Choline-binding repeat	374	414	0.00035	T	03-12-2025	IPR018337	Cell wall/choline-binding repeat	-	-
tr|A0ABV1D0R2|A0ABV1D0R2_9FIRM	6af6afbc54635b5beb1c3e4dfeabb46f	630	Pfam	PF01183	Glycosyl hydrolases family 25	104	273	1.1000000000000002e-28	T	03-12-2025	IPR002053	Glycoside hydrolase, family 25	-	-
tr|A0ABY1LJG3|A0ABY1LJG3_9MICO	f0bd1cc24a1d01be646fdb363437c22a	592	Pfam	PF04122	Cell wall binding domain 2 (CWB2)	297	384	2.9e-13	T	03-12-2025	IPR007253	Cell wall binding repeat 2	-	-
tr|A0ABY1LJG3|A0ABY1LJG3_9MICO	f0bd1cc24a1d01be646fdb363437c22a	592	Pfam	PF04122	Cell wall binding domain 2 (CWB2)	397	484	1.3e-09	T	03-12-2025	IPR007253	Cell wall binding repeat 2	-	-
tr|A0ABY1LJG3|A0ABY1LJG3_9MICO	f0bd1cc24a1d01be646fdb363437c22a	592	Pfam	PF04122	Cell wall binding domain 2 (CWB2)	499	586	1.4e-11	T	03-12-2025	IPR007253	Cell wall binding repeat 2	-	-
tr|A0ABY1LJG3|A0ABY1LJG3_9MICO	f0bd1cc24a1d01be646fdb363437c22a	592	Pfam	PF01183	Glycosyl hydrolases family 25	88	272	1.5e-20	T	03-12-2025	IPR002053	Glycoside hydrolase, family 25	-	-
tr|A0A927U793|A0A927U793_9FIRM	cf86e0307f4ccce56592eea29d5d1f30	545	Pfam	PF19127	Choline-binding repeat	457	500	7.3e-05	T	03-12-2025	IPR018337	Cell wall/choline-binding repeat	-	-
tr|A0A927U793|A0A927U793_9FIRM	cf86e0307f4ccce56592eea29d5d1f30	545	Pfam	PF19127	Choline-binding repeat	417	455	1.6e-05	T	03-12-2025	IPR018337	Cell wall/choline-binding repeat	-	-
tr|A0A927U793|A0A927U793_9FIRM	cf86e0307f4ccce56592eea29d5d1f30	545	Pfam	PF01183	Glycosyl hydrolases family 25	40	209	1.7999999999999998e-31	T	03-12-2025	IPR002053	Glycoside hydrolase, family 25	-	-
tr|A0ABU4GF60|A0ABU4GF60_9CLOT	d81ce1c025bf38c9d481af30faf08d29	302	Pfam	PF01473	Putative cell wall binding repeat	258	275	1.0	T	03-12-2025	IPR018337	Cell wall/choline-binding repeat	-	-
tr|A0ABU4GF60|A0ABU4GF60_9CLOT	d81ce1c025bf38c9d481af30faf08d29	302	Pfam	PF01473	Putative cell wall binding repeat	240	253	2700.0	T	03-12-2025	IPR018337	Cell wall/choline-binding repeat	-	-
tr|A0ABU4GF60|A0ABU4GF60_9CLOT	d81ce1c025bf38c9d481af30faf08d29	302	Pfam	PF01183	Glycosyl hydrolases family 25	53	219	3.0000000000000004e-22	T	03-12-2025	IPR002053	Glycoside hydrolase, family 25	-	-
tr|A0ABW8SB64|A0ABW8SB64_9CLOT	b2321032ccc16cb830512cbf3c8dad44	344	Pfam	PF19127	Choline-binding repeat	221	255	0.00058	T	03-12-2025	IPR018337	Cell wall/choline-binding repeat	-	-
tr|A0ABW8SB64|A0ABW8SB64_9CLOT	b2321032ccc16cb830512cbf3c8dad44	344	Pfam	PF19127	Choline-binding repeat	285	326	1.4e-07	T	03-12-2025	IPR018337	Cell wall/choline-binding repeat	-	-
tr|A0ABW8SB64|A0ABW8SB64_9CLOT	b2321032ccc16cb830512cbf3c8dad44	344	Pfam	PF01473	Putative cell wall binding repeat	264	276	100.0	T	03-12-2025	IPR018337	Cell wall/choline-binding repeat	-	-
tr|A0ABW8SB64|A0ABW8SB64_9CLOT	b2321032ccc16cb830512cbf3c8dad44	344	Pfam	PF01183	Glycosyl hydrolases family 25	7	178	4.9000000000000003e-32	T	03-12-2025	IPR002053	Glycoside hydrolase, family 25	-	-
tr|A0ABW8SBW5|A0ABW8SBW5_9CLOT	bb741fe8adc2cb07f0fe22e32555de40	508	Pfam	PF19127	Choline-binding repeat	57	98	1.1e-06	T	03-12-2025	IPR018337	Cell wall/choline-binding repeat	-	-
tr|A0ABW8SBW5|A0ABW8SBW5_9CLOT	bb741fe8adc2cb07f0fe22e32555de40	508	Pfam	PF19127	Choline-binding repeat	200	243	7.8e-15	T	03-12-2025	IPR018337	Cell wall/choline-binding repeat	-	-
tr|A0ABW8SBW5|A0ABW8SBW5_9CLOT	bb741fe8adc2cb07f0fe22e32555de40	508	Pfam	PF19127	Choline-binding repeat	161	198	5.2e-05	T	03-12-2025	IPR018337	Cell wall/choline-binding repeat	-	-
tr|A0ABW8SBW5|A0ABW8SBW5_9CLOT	bb741fe8adc2cb07f0fe22e32555de40	508	Pfam	PF01473	Putative cell wall binding repeat	141	157	2.6	T	03-12-2025	IPR018337	Cell wall/choline-binding repeat	-	-
tr|A0ABW8SBW5|A0ABW8SBW5_9CLOT	bb741fe8adc2cb07f0fe22e32555de40	508	Pfam	PF01473	Putative cell wall binding repeat	121	136	110.0	T	03-12-2025	IPR018337	Cell wall/choline-binding repeat	-	-
tr|A0ABW8SBW5|A0ABW8SBW5_9CLOT	bb741fe8adc2cb07f0fe22e32555de40	508	Pfam	PF01473	Putative cell wall binding repeat	38	52	910.0	T	03-12-2025	IPR018337	Cell wall/choline-binding repeat	-	-
tr|A0ABW8SBW5|A0ABW8SBW5_9CLOT	bb741fe8adc2cb07f0fe22e32555de40	508	Pfam	PF01473	Putative cell wall binding repeat	99	116	3.9	T	03-12-2025	IPR018337	Cell wall/choline-binding repeat	-	-
tr|A0ABW8SBW5|A0ABW8SBW5_9CLOT	bb741fe8adc2cb07f0fe22e32555de40	508	Pfam	PF01183	Glycosyl hydrolases family 25	323	493	5.3e-38	T	03-12-2025	IPR002053	Glycoside hydrolase, family 25	-	-
tr|A0AAP3PZQ4|A0AAP3PZQ4_9FIRM	a133c76cd0afde64f0d66a55fd85fe79	517	Pfam	PF01473	Putative cell wall binding repeat	88	105	0.0057	T	03-12-2025	IPR018337	Cell wall/choline-binding repeat	-	-
tr|A0AAP3PZQ4|A0AAP3PZQ4_9FIRM	a133c76cd0afde64f0d66a55fd85fe79	517	Pfam	PF01473	Putative cell wall binding repeat	439	451	49.0	T	03-12-2025	IPR018337	Cell wall/choline-binding repeat	-	-
tr|A0AAP3PZQ4|A0AAP3PZQ4_9FIRM	a133c76cd0afde64f0d66a55fd85fe79	517	Pfam	PF01473	Putative cell wall binding repeat	458	476	17.0	T	03-12-2025	IPR018337	Cell wall/choline-binding repeat	-	-
tr|A0AAP3PZQ4|A0AAP3PZQ4_9FIRM	a133c76cd0afde64f0d66a55fd85fe79	517	Pfam	PF19127	Choline-binding repeat	106	147	3.9e-05	T	03-12-2025	IPR018337	Cell wall/choline-binding repeat	-	-
tr|A0AAP3PZQ4|A0AAP3PZQ4_9FIRM	a133c76cd0afde64f0d66a55fd85fe79	517	Pfam	PF19127	Choline-binding repeat	478	513	4e-06	T	03-12-2025	IPR018337	Cell wall/choline-binding repeat	-	-
tr|A0AAP3PZQ4|A0AAP3PZQ4_9FIRM	a133c76cd0afde64f0d66a55fd85fe79	517	Pfam	PF19127	Choline-binding repeat	377	418	5e-08	T	03-12-2025	IPR018337	Cell wall/choline-binding repeat	-	-
tr|A0AAP3PZQ4|A0AAP3PZQ4_9FIRM	a133c76cd0afde64f0d66a55fd85fe79	517	Pfam	PF01183	Glycosyl hydrolases family 25	158	336	3.8e-29	T	03-12-2025	IPR002053	Glycoside hydrolase, family 25	-	-
tr|A0ABT2UZ03|A0ABT2UZ03_9FIRM	29b84c481c465a07985de7057097f021	714	Pfam	PF01473	Putative cell wall binding repeat	385	402	53.0	T	03-12-2025	IPR018337	Cell wall/choline-binding repeat	-	-
tr|A0ABT2UZ03|A0ABT2UZ03_9FIRM	29b84c481c465a07985de7057097f021	714	Pfam	PF01473	Putative cell wall binding repeat	264	280	0.51	T	03-12-2025	IPR018337	Cell wall/choline-binding repeat	-	-
tr|A0ABT2UZ03|A0ABT2UZ03_9FIRM	29b84c481c465a07985de7057097f021	714	Pfam	PF01473	Putative cell wall binding repeat	364	381	400.0	T	03-12-2025	IPR018337	Cell wall/choline-binding repeat	-	-
tr|A0ABT2UZ03|A0ABT2UZ03_9FIRM	29b84c481c465a07985de7057097f021	714	Pfam	PF01473	Putative cell wall binding repeat	464	483	450.0	T	03-12-2025	IPR018337	Cell wall/choline-binding repeat	-	-
tr|A0ABT2UZ03|A0ABT2UZ03_9FIRM	29b84c481c465a07985de7057097f021	714	Pfam	PF19127	Choline-binding repeat	403	444	1.7e-10	T	03-12-2025	IPR018337	Cell wall/choline-binding repeat	-	-
tr|A0ABT2UZ03|A0ABT2UZ03_9FIRM	29b84c481c465a07985de7057097f021	714	Pfam	PF19127	Choline-binding repeat	485	528	2.2e-11	T	03-12-2025	IPR018337	Cell wall/choline-binding repeat	-	-
tr|A0ABT2UZ03|A0ABT2UZ03_9FIRM	29b84c481c465a07985de7057097f021	714	Pfam	PF19127	Choline-binding repeat	305	344	3.2e-07	T	03-12-2025	IPR018337	Cell wall/choline-binding repeat	-	-
tr|A0ABT2UZ03|A0ABT2UZ03_9FIRM	29b84c481c465a07985de7057097f021	714	Pfam	PF01183	Glycosyl hydrolases family 25	56	225	2e-26	T	03-12-2025	IPR002053	Glycoside hydrolase, family 25	-	-
tr|A0A1K2FAH0|A0A1K2FAH0_STRAR	74927a0c3ffa57cc1c8bb43507aaa200	482	Pfam	PF01183	Glycosyl hydrolases family 25	4	168	4.8e-29	T	03-12-2025	IPR002053	Glycoside hydrolase, family 25	-	-
tr|A0A1K2FAH0|A0A1K2FAH0_STRAR	74927a0c3ffa57cc1c8bb43507aaa200	482	Pfam	PF01471	Putative peptidoglycan binding domain	265	319	1.5e-12	T	03-12-2025	IPR002477	Peptidoglycan binding-like	-	-
tr|A0A1K2FAH0|A0A1K2FAH0_STRAR	74927a0c3ffa57cc1c8bb43507aaa200	482	Pfam	PF01471	Putative peptidoglycan binding domain	328	383	1.8e-12	T	03-12-2025	IPR002477	Peptidoglycan binding-like	-	-
tr|A0ABT5UVA3|A0ABT5UVA3_EUBLI	88fbd631dab988e170e367a5abb143cd	337	Pfam	PF01471	Putative peptidoglycan binding domain	281	335	3.1e-11	T	03-12-2025	IPR002477	Peptidoglycan binding-like	-	-
tr|A0ABT5UVA3|A0ABT5UVA3_EUBLI	88fbd631dab988e170e367a5abb143cd	337	Pfam	PF01471	Putative peptidoglycan binding domain	226	275	0.042	T	03-12-2025	IPR002477	Peptidoglycan binding-like	-	-
tr|A0ABT5UVA3|A0ABT5UVA3_EUBLI	88fbd631dab988e170e367a5abb143cd	337	Pfam	PF01183	Glycosyl hydrolases family 25	5	182	4.8e-31	T	03-12-2025	IPR002053	Glycoside hydrolase, family 25	-	-
tr|B1ICZ3|B1ICZ3_STRPI	696ee4e3889ba2f2dd6328dff4f71a4d	490	Pfam	PF01183	Glycosyl hydrolases family 25	294	480	7.2e-16	T	03-12-2025	IPR002053	Glycoside hydrolase, family 25	-	-
tr|B1ICZ3|B1ICZ3_STRPI	696ee4e3889ba2f2dd6328dff4f71a4d	490	Pfam	PF01473	Putative cell wall binding repeat	119	138	1100.0	T	03-12-2025	IPR018337	Cell wall/choline-binding repeat	-	-
tr|B1ICZ3|B1ICZ3_STRPI	696ee4e3889ba2f2dd6328dff4f71a4d	490	Pfam	PF01473	Putative cell wall binding repeat	143	160	1.8	T	03-12-2025	IPR018337	Cell wall/choline-binding repeat	-	-
tr|B1ICZ3|B1ICZ3_STRPI	696ee4e3889ba2f2dd6328dff4f71a4d	490	Pfam	PF19085	Choline-binding repeat	220	256	1e-05	T	03-12-2025	IPR018337	Cell wall/choline-binding repeat	-	-
tr|A0ABT6S5Q9|A0ABT6S5Q9_9ACTN	659a5d6b493c0409b4e54a5bb699f518	417	Pfam	PF01183	Glycosyl hydrolases family 25	50	244	3.9000000000000004e-33	T	03-12-2025	IPR002053	Glycoside hydrolase, family 25	-	-
tr|A0ABT6S5Q9|A0ABT6S5Q9_9ACTN	659a5d6b493c0409b4e54a5bb699f518	417	Pfam	PF01471	Putative peptidoglycan binding domain	298	352	1.7e-13	T	03-12-2025	IPR002477	Peptidoglycan binding-like	-	-
tr|A0ABT6S5Q9|A0ABT6S5Q9_9ACTN	659a5d6b493c0409b4e54a5bb699f518	417	Pfam	PF01471	Putative peptidoglycan binding domain	362	415	6.4e-10	T	03-12-2025	IPR002477	Peptidoglycan binding-like	-	-
tr|D9QZT5|D9QZT5_LACSW	6282e40e4c1c557d9880d9801b486d39	596	Pfam	PF19127	Choline-binding repeat	493	534	2.4e-06	T	03-12-2025	IPR018337	Cell wall/choline-binding repeat	-	-
tr|D9QZT5|D9QZT5_LACSW	6282e40e4c1c557d9880d9801b486d39	596	Pfam	PF19127	Choline-binding repeat	397	429	0.00055	T	03-12-2025	IPR018337	Cell wall/choline-binding repeat	-	-
tr|D9QZT5|D9QZT5_LACSW	6282e40e4c1c557d9880d9801b486d39	596	Pfam	PF19127	Choline-binding repeat	330	371	2.9e-06	T	03-12-2025	IPR018337	Cell wall/choline-binding repeat	-	-
tr|D9QZT5|D9QZT5_LACSW	6282e40e4c1c557d9880d9801b486d39	596	Pfam	PF19127	Choline-binding repeat	431	462	3.5e-06	T	03-12-2025	IPR018337	Cell wall/choline-binding repeat	-	-
tr|D9QZT5|D9QZT5_LACSW	6282e40e4c1c557d9880d9801b486d39	596	Pfam	PF01183	Glycosyl hydrolases family 25	59	229	7.5e-26	T	03-12-2025	IPR002053	Glycoside hydrolase, family 25	-	-
tr|D9QZT5|D9QZT5_LACSW	6282e40e4c1c557d9880d9801b486d39	596	Pfam	PF01473	Putative cell wall binding repeat	472	490	1300.0	T	03-12-2025	IPR018337	Cell wall/choline-binding repeat	-	-
tr|D9QZT5|D9QZT5_LACSW	6282e40e4c1c557d9880d9801b486d39	596	Pfam	PF01473	Putative cell wall binding repeat	311	328	1.5	T	03-12-2025	IPR018337	Cell wall/choline-binding repeat	-	-
tr|A0AAE5H197|A0AAE5H197_CLOBE	428e9e36d7c890b2550e3e457a223144	521	Pfam	PF01473	Putative cell wall binding repeat	38	52	930.0	T	03-12-2025	IPR018337	Cell wall/choline-binding repeat	-	-
tr|A0AAE5H197|A0AAE5H197_CLOBE	428e9e36d7c890b2550e3e457a223144	521	Pfam	PF01473	Putative cell wall binding repeat	58	76	18.0	T	03-12-2025	IPR018337	Cell wall/choline-binding repeat	-	-
tr|A0AAE5H197|A0AAE5H197_CLOBE	428e9e36d7c890b2550e3e457a223144	521	Pfam	PF01473	Putative cell wall binding repeat	141	157	14.0	T	03-12-2025	IPR018337	Cell wall/choline-binding repeat	-	-
tr|A0AAE5H197|A0AAE5H197_CLOBE	428e9e36d7c890b2550e3e457a223144	521	Pfam	PF01473	Putative cell wall binding repeat	121	136	110.0	T	03-12-2025	IPR018337	Cell wall/choline-binding repeat	-	-
tr|A0AAE5H197|A0AAE5H197_CLOBE	428e9e36d7c890b2550e3e457a223144	521	Pfam	PF01183	Glycosyl hydrolases family 25	336	506	6.000000000000001e-38	T	03-12-2025	IPR002053	Glycoside hydrolase, family 25	-	-
tr|A0AAE5H197|A0AAE5H197_CLOBE	428e9e36d7c890b2550e3e457a223144	521	Pfam	PF19127	Choline-binding repeat	161	198	0.00081	T	03-12-2025	IPR018337	Cell wall/choline-binding repeat	-	-
tr|A0AAE5H197|A0AAE5H197_CLOBE	428e9e36d7c890b2550e3e457a223144	521	Pfam	PF19127	Choline-binding repeat	200	243	8.4e-15	T	03-12-2025	IPR018337	Cell wall/choline-binding repeat	-	-
tr|A0AAE5H197|A0AAE5H197_CLOBE	428e9e36d7c890b2550e3e457a223144	521	Pfam	PF19127	Choline-binding repeat	78	118	7.1e-06	T	03-12-2025	IPR018337	Cell wall/choline-binding repeat	-	-
tr|A0ABV1T820|A0ABV1T820_9ACTN	49d054e4b374bfffe4fe3f62a488f5c1	565	Pfam	PF01183	Glycosyl hydrolases family 25	254	434	4.9000000000000005e-34	T	03-12-2025	IPR002053	Glycoside hydrolase, family 25	-	-
tr|A0ABV1T820|A0ABV1T820_9ACTN	49d054e4b374bfffe4fe3f62a488f5c1	565	Pfam	PF01471	Putative peptidoglycan binding domain	160	219	6.8e-07	T	03-12-2025	IPR002477	Peptidoglycan binding-like	-	-
tr|A0ABV1T820|A0ABV1T820_9ACTN	49d054e4b374bfffe4fe3f62a488f5c1	565	Pfam	PF01471	Putative peptidoglycan binding domain	81	121	2.6e-09	T	03-12-2025	IPR002477	Peptidoglycan binding-like	-	-
tr|A0ABV3JV33|A0ABV3JV33_STRON	e34a1168b8af4d91dd18d64c8dc6e02d	398	Pfam	PF01471	Putative peptidoglycan binding domain	278	332	8.4e-10	T	03-12-2025	IPR002477	Peptidoglycan binding-like	-	-
tr|A0ABV3JV33|A0ABV3JV33_STRON	e34a1168b8af4d91dd18d64c8dc6e02d	398	Pfam	PF01471	Putative peptidoglycan binding domain	341	396	1.3e-07	T	03-12-2025	IPR002477	Peptidoglycan binding-like	-	-
tr|A0ABV3JV33|A0ABV3JV33_STRON	e34a1168b8af4d91dd18d64c8dc6e02d	398	Pfam	PF01183	Glycosyl hydrolases family 25	54	237	1.1e-44	T	03-12-2025	IPR002053	Glycoside hydrolase, family 25	-	-
tr|A0A1H7LYQ5|A0A1H7LYQ5_9FIRM	1f1f7b96f78dee510dd7a78464a402de	552	Pfam	PF19127	Choline-binding repeat	417	456	0.0033	T	03-12-2025	IPR018337	Cell wall/choline-binding repeat	-	-
tr|A0A1H7LYQ5|A0A1H7LYQ5_9FIRM	1f1f7b96f78dee510dd7a78464a402de	552	Pfam	PF19127	Choline-binding repeat	457	495	0.00026	T	03-12-2025	IPR018337	Cell wall/choline-binding repeat	-	-
tr|A0A1H7LYQ5|A0A1H7LYQ5_9FIRM	1f1f7b96f78dee510dd7a78464a402de	552	Pfam	PF01183	Glycosyl hydrolases family 25	38	207	5.8000000000000005e-30	T	03-12-2025	IPR002053	Glycoside hydrolase, family 25	-	-
tr|D2Q6U0|D2Q6U0_BIFDB	faca285afe132f783b89ae5d27a25d82	617	Pfam	PF01183	Glycosyl hydrolases family 25	209	394	4.3e-19	T	03-12-2025	IPR002053	Glycoside hydrolase, family 25	-	-
tr|D2Q6U0|D2Q6U0_BIFDB	faca285afe132f783b89ae5d27a25d82	617	Pfam	PF19127	Choline-binding repeat	466	501	0.00037	T	03-12-2025	IPR018337	Cell wall/choline-binding repeat	-	-
tr|D2Q6U0|D2Q6U0_BIFDB	faca285afe132f783b89ae5d27a25d82	617	Pfam	PF19127	Choline-binding repeat	560	596	0.0002	T	03-12-2025	IPR018337	Cell wall/choline-binding repeat	-	-
tr|A8RQI5|A8RQI5_ENTBW	4c3cb9c352cc99aca014c8ef280ec8d0	601	Pfam	PF01183	Glycosyl hydrolases family 25	103	272	5.7000000000000005e-30	T	03-12-2025	IPR002053	Glycoside hydrolase, family 25	-	-
tr|A8RQI5|A8RQI5_ENTBW	4c3cb9c352cc99aca014c8ef280ec8d0	601	Pfam	PF01473	Putative cell wall binding repeat	453	471	9.2	T	03-12-2025	IPR018337	Cell wall/choline-binding repeat	-	-
tr|A8RQI5|A8RQI5_ENTBW	4c3cb9c352cc99aca014c8ef280ec8d0	601	Pfam	PF01473	Putative cell wall binding repeat	312	328	4.3	T	03-12-2025	IPR018337	Cell wall/choline-binding repeat	-	-
tr|A8RQI5|A8RQI5_ENTBW	4c3cb9c352cc99aca014c8ef280ec8d0	601	Pfam	PF01473	Putative cell wall binding repeat	333	351	1000.0	T	03-12-2025	IPR018337	Cell wall/choline-binding repeat	-	-
tr|A8RQI5|A8RQI5_ENTBW	4c3cb9c352cc99aca014c8ef280ec8d0	601	Pfam	PF01473	Putative cell wall binding repeat	434	451	3.4	T	03-12-2025	IPR018337	Cell wall/choline-binding repeat	-	-
tr|A8RQI5|A8RQI5_ENTBW	4c3cb9c352cc99aca014c8ef280ec8d0	601	Pfam	PF01473	Putative cell wall binding repeat	353	370	0.016	T	03-12-2025	IPR018337	Cell wall/choline-binding repeat	-	-
tr|A8RQI5|A8RQI5_ENTBW	4c3cb9c352cc99aca014c8ef280ec8d0	601	Pfam	PF01473	Putative cell wall binding repeat	414	430	0.62	T	03-12-2025	IPR018337	Cell wall/choline-binding repeat	-	-
tr|A8RQI5|A8RQI5_ENTBW	4c3cb9c352cc99aca014c8ef280ec8d0	601	Pfam	PF19127	Choline-binding repeat	373	413	0.00047	T	03-12-2025	IPR018337	Cell wall/choline-binding repeat	-	-
tr|A8RQI5|A8RQI5_ENTBW	4c3cb9c352cc99aca014c8ef280ec8d0	601	Pfam	PF19127	Choline-binding repeat	472	514	3.8e-06	T	03-12-2025	IPR018337	Cell wall/choline-binding repeat	-	-
tr|A0A1H9KWU3|A0A1H9KWU3_BUTFI	3869fbf978d0ab8fe2775d8d78318536	612	Pfam	PF01183	Glycosyl hydrolases family 25	43	211	5.400000000000001e-28	T	03-12-2025	IPR002053	Glycoside hydrolase, family 25	-	-
tr|A0A1H9KWU3|A0A1H9KWU3_BUTFI	3869fbf978d0ab8fe2775d8d78318536	612	Pfam	PF01473	Putative cell wall binding repeat	560	577	110.0	T	03-12-2025	IPR018337	Cell wall/choline-binding repeat	-	-
tr|A0A1H9KWU3|A0A1H9KWU3_BUTFI	3869fbf978d0ab8fe2775d8d78318536	612	Pfam	PF01473	Putative cell wall binding repeat	355	373	250.0	T	03-12-2025	IPR018337	Cell wall/choline-binding repeat	-	-
tr|A0A1H9KWU3|A0A1H9KWU3_BUTFI	3869fbf978d0ab8fe2775d8d78318536	612	Pfam	PF01473	Putative cell wall binding repeat	419	433	390.0	T	03-12-2025	IPR018337	Cell wall/choline-binding repeat	-	-
tr|E0RW74|E0RW74_BUTPB	3bf90981ae2a09e8b0e94d8324466809	567	Pfam	PF19127	Choline-binding repeat	483	518	0.00084	T	03-12-2025	IPR018337	Cell wall/choline-binding repeat	-	-
tr|E0RW74|E0RW74_BUTPB	3bf90981ae2a09e8b0e94d8324466809	567	Pfam	PF19127	Choline-binding repeat	434	470	0.00056	T	03-12-2025	IPR018337	Cell wall/choline-binding repeat	-	-
tr|E0RW74|E0RW74_BUTPB	3bf90981ae2a09e8b0e94d8324466809	567	Pfam	PF01183	Glycosyl hydrolases family 25	43	212	1.9e-26	T	03-12-2025	IPR002053	Glycoside hydrolase, family 25	-	-
tr|E0RW74|E0RW74_BUTPB	3bf90981ae2a09e8b0e94d8324466809	567	Pfam	PF01473	Putative cell wall binding repeat	294	310	2800.0	T	03-12-2025	IPR018337	Cell wall/choline-binding repeat	-	-
tr|E0RW74|E0RW74_BUTPB	3bf90981ae2a09e8b0e94d8324466809	567	Pfam	PF01473	Putative cell wall binding repeat	358	371	2900.0	T	03-12-2025	IPR018337	Cell wall/choline-binding repeat	-	-
tr|Q97K13|Q97K13_CLOAB	5e2b9fce600aeba937fda766dfc02acc	357	Pfam	PF01471	Putative peptidoglycan binding domain	313	351	0.13	T	03-12-2025	IPR002477	Peptidoglycan binding-like	-	-
tr|Q97K13|Q97K13_CLOAB	5e2b9fce600aeba937fda766dfc02acc	357	Pfam	PF01471	Putative peptidoglycan binding domain	234	289	6.1e-09	T	03-12-2025	IPR002477	Peptidoglycan binding-like	-	-
tr|Q97K13|Q97K13_CLOAB	5e2b9fce600aeba937fda766dfc02acc	357	Pfam	PF01183	Glycosyl hydrolases family 25	35	202	2.7000000000000004e-44	T	03-12-2025	IPR002053	Glycoside hydrolase, family 25	-	-
tr|A0ABW0Y6F5|A0ABW0Y6F5_9STRE	14a317846042a48fccccb15a29106790	334	Pfam	PF01183	Glycosyl hydrolases family 25	8	182	4.1e-26	T	03-12-2025	IPR002053	Glycoside hydrolase, family 25	-	-
tr|A0ABW0Y6F5|A0ABW0Y6F5_9STRE	14a317846042a48fccccb15a29106790	334	Pfam	PF19127	Choline-binding repeat	256	297	7.4e-08	T	03-12-2025	IPR018337	Cell wall/choline-binding repeat	-	-
tr|A0ABW0Y6F5|A0ABW0Y6F5_9STRE	14a317846042a48fccccb15a29106790	334	Pfam	PF01473	Putative cell wall binding repeat	301	315	170.0	T	03-12-2025	IPR018337	Cell wall/choline-binding repeat	-	-
tr|A0ABW0Y6F5|A0ABW0Y6F5_9STRE	14a317846042a48fccccb15a29106790	334	Pfam	PF01473	Putative cell wall binding repeat	216	232	1.3	T	03-12-2025	IPR018337	Cell wall/choline-binding repeat	-	-
tr|A0ABW0Y6F5|A0ABW0Y6F5_9STRE	14a317846042a48fccccb15a29106790	334	Pfam	PF01473	Putative cell wall binding repeat	237	254	0.0013	T	03-12-2025	IPR018337	Cell wall/choline-binding repeat	-	-
tr|A0A9Q5CS58|A0A9Q5CS58_CLOBE	1d51a9efdabbbdef55da5dc599d11297	521	Pfam	PF01473	Putative cell wall binding repeat	123	136	350.0	T	03-12-2025	IPR018337	Cell wall/choline-binding repeat	-	-
tr|A0A9Q5CS58|A0A9Q5CS58_CLOBE	1d51a9efdabbbdef55da5dc599d11297	521	Pfam	PF01473	Putative cell wall binding repeat	38	52	930.0	T	03-12-2025	IPR018337	Cell wall/choline-binding repeat	-	-
tr|A0A9Q5CS58|A0A9Q5CS58_CLOBE	1d51a9efdabbbdef55da5dc599d11297	521	Pfam	PF01473	Putative cell wall binding repeat	99	116	4.1	T	03-12-2025	IPR018337	Cell wall/choline-binding repeat	-	-
tr|A0A9Q5CS58|A0A9Q5CS58_CLOBE	1d51a9efdabbbdef55da5dc599d11297	521	Pfam	PF01473	Putative cell wall binding repeat	141	157	14.0	T	03-12-2025	IPR018337	Cell wall/choline-binding repeat	-	-
tr|A0A9Q5CS58|A0A9Q5CS58_CLOBE	1d51a9efdabbbdef55da5dc599d11297	521	Pfam	PF19127	Choline-binding repeat	161	198	1.9e-05	T	03-12-2025	IPR018337	Cell wall/choline-binding repeat	-	-
tr|A0A9Q5CS58|A0A9Q5CS58_CLOBE	1d51a9efdabbbdef55da5dc599d11297	521	Pfam	PF19127	Choline-binding repeat	57	98	1.2e-06	T	03-12-2025	IPR018337	Cell wall/choline-binding repeat	-	-
tr|A0A9Q5CS58|A0A9Q5CS58_CLOBE	1d51a9efdabbbdef55da5dc599d11297	521	Pfam	PF19127	Choline-binding repeat	200	243	8.4e-15	T	03-12-2025	IPR018337	Cell wall/choline-binding repeat	-	-
tr|A0A9Q5CS58|A0A9Q5CS58_CLOBE	1d51a9efdabbbdef55da5dc599d11297	521	Pfam	PF01183	Glycosyl hydrolases family 25	336	506	1.9e-37	T	03-12-2025	IPR002053	Glycoside hydrolase, family 25	-	-
tr|A0ABP7IVQ4|A0ABP7IVQ4_9ACTN	7af3b8b4daa2be28aa7ccd7e38a7f185	449	Pfam	PF01183	Glycosyl hydrolases family 25	247	427	2.3e-34	T	03-12-2025	IPR002053	Glycoside hydrolase, family 25	-	-
tr|A0ABP7IVQ4|A0ABP7IVQ4_9ACTN	7af3b8b4daa2be28aa7ccd7e38a7f185	449	Pfam	PF01471	Putative peptidoglycan binding domain	152	212	3.7e-07	T	03-12-2025	IPR002477	Peptidoglycan binding-like	-	-
tr|A0ABP7IVQ4|A0ABP7IVQ4_9ACTN	7af3b8b4daa2be28aa7ccd7e38a7f185	449	Pfam	PF01471	Putative peptidoglycan binding domain	74	114	1.8e-09	T	03-12-2025	IPR002477	Peptidoglycan binding-like	-	-
tr|A0A7W5D1V1|A0A7W5D1V1_9ACTN	34467032207f410dbf312491e95d112b	1149	Pfam	PF01473	Putative cell wall binding repeat	412	429	220.0	T	03-12-2025	IPR018337	Cell wall/choline-binding repeat	-	-
tr|A0A7W5D1V1|A0A7W5D1V1_9ACTN	34467032207f410dbf312491e95d112b	1149	Pfam	PF01473	Putative cell wall binding repeat	790	804	630.0	T	03-12-2025	IPR018337	Cell wall/choline-binding repeat	-	-
tr|A0A7W5D1V1|A0A7W5D1V1_9ACTN	34467032207f410dbf312491e95d112b	1149	Pfam	PF01473	Putative cell wall binding repeat	687	702	3600.0	T	03-12-2025	IPR018337	Cell wall/choline-binding repeat	-	-
tr|A0A7W5D1V1|A0A7W5D1V1_9ACTN	34467032207f410dbf312491e95d112b	1149	Pfam	PF01473	Putative cell wall binding repeat	727	741	3000.0	T	03-12-2025	IPR018337	Cell wall/choline-binding repeat	-	-
tr|A0A7W5D1V1|A0A7W5D1V1_9ACTN	34467032207f410dbf312491e95d112b	1149	Pfam	PF01473	Putative cell wall binding repeat	515	534	2500.0	T	03-12-2025	IPR018337	Cell wall/choline-binding repeat	-	-
tr|A0A7W5D1V1|A0A7W5D1V1_9ACTN	34467032207f410dbf312491e95d112b	1149	Pfam	PF01183	Glycosyl hydrolases family 25	207	395	5e-25	T	03-12-2025	IPR002053	Glycoside hydrolase, family 25	-	-
tr|A0A7W5D1V1|A0A7W5D1V1_9ACTN	34467032207f410dbf312491e95d112b	1149	Pfam	PF19127	Choline-binding repeat	750	784	0.00041	T	03-12-2025	IPR018337	Cell wall/choline-binding repeat	-	-
tr|A0A7W5D1V1|A0A7W5D1V1_9ACTN	34467032207f410dbf312491e95d112b	1149	Pfam	PF19127	Choline-binding repeat	851	888	0.0013	T	03-12-2025	IPR018337	Cell wall/choline-binding repeat	-	-
tr|A0A7W5D1V1|A0A7W5D1V1_9ACTN	34467032207f410dbf312491e95d112b	1149	Pfam	PF19127	Choline-binding repeat	599	641	0.0039	T	03-12-2025	IPR018337	Cell wall/choline-binding repeat	-	-
tr|A0A7W5D1V1|A0A7W5D1V1_9ACTN	34467032207f410dbf312491e95d112b	1149	Pfam	PF19127	Choline-binding repeat	435	469	0.0077	T	03-12-2025	IPR018337	Cell wall/choline-binding repeat	-	-
tr|A0A7W5D1V1|A0A7W5D1V1_9ACTN	34467032207f410dbf312491e95d112b	1149	Pfam	PF19127	Choline-binding repeat	561	598	0.0074	T	03-12-2025	IPR018337	Cell wall/choline-binding repeat	-	-
tr|A0A7W5D1V1|A0A7W5D1V1_9ACTN	34467032207f410dbf312491e95d112b	1149	Pfam	PF01832	Mannosyl-glycoprotein endo-beta-N-acetylglucosaminidase	985	1128	1.5e-12	T	03-12-2025	IPR002901	Mannosyl-glycoprotein endo-beta-N-acetylglucosamidase-like domain	-	-
tr|A0AAU3HVP2|A0AAU3HVP2_9ACTN	b906a30c14f1edf2dcc8e06b1befc467	446	Pfam	PF01183	Glycosyl hydrolases family 25	244	423	9.200000000000001e-33	T	03-12-2025	IPR002053	Glycoside hydrolase, family 25	-	-
tr|A0AAU3HVP2|A0AAU3HVP2_9ACTN	b906a30c14f1edf2dcc8e06b1befc467	446	Pfam	PF01471	Putative peptidoglycan binding domain	71	111	3.3e-09	T	03-12-2025	IPR002477	Peptidoglycan binding-like	-	-
tr|A0AAU3HVP2|A0AAU3HVP2_9ACTN	b906a30c14f1edf2dcc8e06b1befc467	446	Pfam	PF01471	Putative peptidoglycan binding domain	150	209	1.5e-06	T	03-12-2025	IPR002477	Peptidoglycan binding-like	-	-
tr|C9YVT5|C9YVT5_STRSW	455a749e33609ca0d5941ad59c129e27	448	Pfam	PF01183	Glycosyl hydrolases family 25	246	426	1.8e-33	T	03-12-2025	IPR002053	Glycoside hydrolase, family 25	-	-
tr|C9YVT5|C9YVT5_STRSW	455a749e33609ca0d5941ad59c129e27	448	Pfam	PF01471	Putative peptidoglycan binding domain	152	211	4.1e-07	T	03-12-2025	IPR002477	Peptidoglycan binding-like	-	-
tr|C9YVT5|C9YVT5_STRSW	455a749e33609ca0d5941ad59c129e27	448	Pfam	PF01471	Putative peptidoglycan binding domain	59	113	6.1e-09	T	03-12-2025	IPR002477	Peptidoglycan binding-like	-	-
tr|A0A1M6IMB8|A0A1M6IMB8_PSEXY	8a46f6a429883f4ca53c307c180badb2	539	Pfam	PF01183	Glycosyl hydrolases family 25	35	204	8.999999999999999e-31	T	03-12-2025	IPR002053	Glycoside hydrolase, family 25	-	-
tr|A0A1M6IMB8|A0A1M6IMB8_PSEXY	8a46f6a429883f4ca53c307c180badb2	539	Pfam	PF19127	Choline-binding repeat	411	450	0.00013	T	03-12-2025	IPR018337	Cell wall/choline-binding repeat	-	-
tr|A0A1M6IMB8|A0A1M6IMB8_PSEXY	8a46f6a429883f4ca53c307c180badb2	539	Pfam	PF19127	Choline-binding repeat	452	493	0.0084	T	03-12-2025	IPR018337	Cell wall/choline-binding repeat	-	-
tr|A0ABT2TUV7|A0ABT2TUV7_9FIRM	1e2fe0cd52cabc74fd60e673b51dd6ea	519	Pfam	PF01183	Glycosyl hydrolases family 25	87	255	1.6e-32	T	03-12-2025	IPR002053	Glycoside hydrolase, family 25	-	-
tr|A0ABT2TUV7|A0ABT2TUV7_9FIRM	1e2fe0cd52cabc74fd60e673b51dd6ea	519	Pfam	PF01473	Putative cell wall binding repeat	339	356	14.0	T	03-12-2025	IPR018337	Cell wall/choline-binding repeat	-	-
tr|A0ABT2TUV7|A0ABT2TUV7_9FIRM	1e2fe0cd52cabc74fd60e673b51dd6ea	519	Pfam	PF01473	Putative cell wall binding repeat	469	484	59.0	T	03-12-2025	IPR018337	Cell wall/choline-binding repeat	-	-
tr|A0ABU5R3V4|A0ABU5R3V4_9PSEU	ff75a57f0d32dd80434d994b0804531c	443	Pfam	PF01471	Putative peptidoglycan binding domain	49	108	2.4e-07	T	03-12-2025	IPR002477	Peptidoglycan binding-like	-	-
tr|A0ABU5R3V4|A0ABU5R3V4_9PSEU	ff75a57f0d32dd80434d994b0804531c	443	Pfam	PF01471	Putative peptidoglycan binding domain	146	205	2.4e-06	T	03-12-2025	IPR002477	Peptidoglycan binding-like	-	-
tr|A0ABU5R3V4|A0ABU5R3V4_9PSEU	ff75a57f0d32dd80434d994b0804531c	443	Pfam	PF01183	Glycosyl hydrolases family 25	230	419	8.499999999999999e-31	T	03-12-2025	IPR002053	Glycoside hydrolase, family 25	-	-
tr|A0AB74F4Q4|A0AB74F4Q4_9FIRM	f5c1b10cae578d4976f3cb0f2df5e77b	337	Pfam	PF01183	Glycosyl hydrolases family 25	5	182	8.8e-31	T	03-12-2025	IPR002053	Glycoside hydrolase, family 25	-	-
tr|A0AB74F4Q4|A0AB74F4Q4_9FIRM	f5c1b10cae578d4976f3cb0f2df5e77b	337	Pfam	PF01471	Putative peptidoglycan binding domain	226	276	0.015	T	03-12-2025	IPR002477	Peptidoglycan binding-like	-	-
tr|A0AB74F4Q4|A0AB74F4Q4_9FIRM	f5c1b10cae578d4976f3cb0f2df5e77b	337	Pfam	PF01471	Putative peptidoglycan binding domain	281	335	1.1e-10	T	03-12-2025	IPR002477	Peptidoglycan binding-like	-	-
tr|A0ABS4Z0K7|A0ABS4Z0K7_9MICC	f21cadda55e6fd42ff6c08fdf84aa958	754	Pfam	PF01183	Glycosyl hydrolases family 25	243	435	1.9e-40	T	03-12-2025	IPR002053	Glycoside hydrolase, family 25	-	-
tr|A0ABS4Z0K7|A0ABS4Z0K7_9MICC	f21cadda55e6fd42ff6c08fdf84aa958	754	Pfam	PF04122	Cell wall binding domain 2 (CWB2)	558	645	3.3e-13	T	03-12-2025	IPR007253	Cell wall binding repeat 2	-	-
tr|A0ABS4Z0K7|A0ABS4Z0K7_9MICC	f21cadda55e6fd42ff6c08fdf84aa958	754	Pfam	PF04122	Cell wall binding domain 2 (CWB2)	658	745	5.2e-16	T	03-12-2025	IPR007253	Cell wall binding repeat 2	-	-
tr|A0ABS4Z0K7|A0ABS4Z0K7_9MICC	f21cadda55e6fd42ff6c08fdf84aa958	754	Pfam	PF04122	Cell wall binding domain 2 (CWB2)	458	545	5.3e-13	T	03-12-2025	IPR007253	Cell wall binding repeat 2	-	-
tr|A0A9Y2NIN6|A0A9Y2NIN6_9PSEU	c81f56bc84cf2231e47cab7d7478b04e	439	Pfam	PF01183	Glycosyl hydrolases family 25	226	415	8.8e-32	T	03-12-2025	IPR002053	Glycoside hydrolase, family 25	-	-
tr|A0A9Y2NIN6|A0A9Y2NIN6_9PSEU	c81f56bc84cf2231e47cab7d7478b04e	439	Pfam	PF01471	Putative peptidoglycan binding domain	45	104	2.1e-06	T	03-12-2025	IPR002477	Peptidoglycan binding-like	-	-
tr|A0A9Y2NIN6|A0A9Y2NIN6_9PSEU	c81f56bc84cf2231e47cab7d7478b04e	439	Pfam	PF01471	Putative peptidoglycan binding domain	142	201	1.1e-06	T	03-12-2025	IPR002477	Peptidoglycan binding-like	-	-
tr|A0ABW6MIF3|A0ABW6MIF3_9ACTN	0bc1131252920b96e5948eec8179d214	448	Pfam	PF01471	Putative peptidoglycan binding domain	73	113	3.1e-08	T	03-12-2025	IPR002477	Peptidoglycan binding-like	-	-
tr|A0ABW6MIF3|A0ABW6MIF3_9ACTN	0bc1131252920b96e5948eec8179d214	448	Pfam	PF01471	Putative peptidoglycan binding domain	152	211	2.7e-07	T	03-12-2025	IPR002477	Peptidoglycan binding-like	-	-
tr|A0ABW6MIF3|A0ABW6MIF3_9ACTN	0bc1131252920b96e5948eec8179d214	448	Pfam	PF01183	Glycosyl hydrolases family 25	246	426	2.4e-34	T	03-12-2025	IPR002053	Glycoside hydrolase, family 25	-	-
tr|A0A4R1R1E5|A0A4R1R1E5_9FIRM	007ef5375b530ec78b825a5eb1d0adb9	914	Pfam	PF01183	Glycosyl hydrolases family 25	282	457	6.5e-23	T	03-12-2025	IPR002053	Glycoside hydrolase, family 25	-	-
tr|A0A4R1R1E5|A0A4R1R1E5_9FIRM	007ef5375b530ec78b825a5eb1d0adb9	914	Pfam	PF14200	Ricin-type beta-trefoil lectin domain-like	518	605	2.8e-21	T	03-12-2025	IPR000772	Ricin B, lectin domain	-	-
tr|A0A4R1R1E5|A0A4R1R1E5_9FIRM	007ef5375b530ec78b825a5eb1d0adb9	914	Pfam	PF14200	Ricin-type beta-trefoil lectin domain-like	859	911	2.7e-06	T	03-12-2025	IPR000772	Ricin B, lectin domain	-	-
tr|A0A4R1R1E5|A0A4R1R1E5_9FIRM	007ef5375b530ec78b825a5eb1d0adb9	914	Pfam	PF14200	Ricin-type beta-trefoil lectin domain-like	677	753	4.3e-15	T	03-12-2025	IPR000772	Ricin B, lectin domain	-	-
tr|A0A4R1R1E5|A0A4R1R1E5_9FIRM	007ef5375b530ec78b825a5eb1d0adb9	914	Pfam	PF14200	Ricin-type beta-trefoil lectin domain-like	760	852	5.3e-16	T	03-12-2025	IPR000772	Ricin B, lectin domain	-	-
tr|A0AAW6AVU6|A0AAW6AVU6_CLOSY	9de5391d884dc3cb6b71f79bedc76445	614	Pfam	PF01473	Putative cell wall binding repeat	306	324	1.2	T	03-12-2025	IPR018337	Cell wall/choline-binding repeat	-	-
tr|A0AAW6AVU6|A0AAW6AVU6_CLOSY	9de5391d884dc3cb6b71f79bedc76445	614	Pfam	PF01473	Putative cell wall binding repeat	366	384	370.0	T	03-12-2025	IPR018337	Cell wall/choline-binding repeat	-	-
tr|A0AAW6AVU6|A0AAW6AVU6_CLOSY	9de5391d884dc3cb6b71f79bedc76445	614	Pfam	PF01473	Putative cell wall binding repeat	446	464	0.78	T	03-12-2025	IPR018337	Cell wall/choline-binding repeat	-	-
tr|A0AAW6AVU6|A0AAW6AVU6_CLOSY	9de5391d884dc3cb6b71f79bedc76445	614	Pfam	PF01473	Putative cell wall binding repeat	506	524	0.42	T	03-12-2025	IPR018337	Cell wall/choline-binding repeat	-	-
tr|A0AAW6AVU6|A0AAW6AVU6_CLOSY	9de5391d884dc3cb6b71f79bedc76445	614	Pfam	PF19127	Choline-binding repeat	386	426	6.9e-07	T	03-12-2025	IPR018337	Cell wall/choline-binding repeat	-	-
tr|A0AAW6AVU6|A0AAW6AVU6_CLOSY	9de5391d884dc3cb6b71f79bedc76445	614	Pfam	PF19127	Choline-binding repeat	466	504	1.4e-06	T	03-12-2025	IPR018337	Cell wall/choline-binding repeat	-	-
tr|A0AAW6AVU6|A0AAW6AVU6_CLOSY	9de5391d884dc3cb6b71f79bedc76445	614	Pfam	PF19127	Choline-binding repeat	525	569	1.7e-09	T	03-12-2025	IPR018337	Cell wall/choline-binding repeat	-	-
tr|A0AAW6AVU6|A0AAW6AVU6_CLOSY	9de5391d884dc3cb6b71f79bedc76445	614	Pfam	PF19127	Choline-binding repeat	325	365	2.3e-05	T	03-12-2025	IPR018337	Cell wall/choline-binding repeat	-	-
tr|A0AAW6AVU6|A0AAW6AVU6_CLOSY	9de5391d884dc3cb6b71f79bedc76445	614	Pfam	PF01183	Glycosyl hydrolases family 25	55	225	5.999999999999999e-24	T	03-12-2025	IPR002053	Glycoside hydrolase, family 25	-	-
tr|A0A285SGC0|A0A285SGC0_9FIRM	1b53d82ad40cc90f1239056cf596b3cb	552	Pfam	PF19127	Choline-binding repeat	417	456	0.0033	T	03-12-2025	IPR018337	Cell wall/choline-binding repeat	-	-
tr|A0A285SGC0|A0A285SGC0_9FIRM	1b53d82ad40cc90f1239056cf596b3cb	552	Pfam	PF19127	Choline-binding repeat	457	495	0.00026	T	03-12-2025	IPR018337	Cell wall/choline-binding repeat	-	-
tr|A0A285SGC0|A0A285SGC0_9FIRM	1b53d82ad40cc90f1239056cf596b3cb	552	Pfam	PF01183	Glycosyl hydrolases family 25	38	207	5.8000000000000005e-30	T	03-12-2025	IPR002053	Glycoside hydrolase, family 25	-	-
tr|A6M2E3|A6M2E3_CLOB8	f2151c25f57d0bab96e1bac3ed53918a	493	Pfam	PF01183	Glycosyl hydrolases family 25	308	478	5.4e-38	T	03-12-2025	IPR002053	Glycoside hydrolase, family 25	-	-
tr|A6M2E3|A6M2E3_CLOB8	f2151c25f57d0bab96e1bac3ed53918a	493	Pfam	PF01473	Putative cell wall binding repeat	38	52	880.0	T	03-12-2025	IPR018337	Cell wall/choline-binding repeat	-	-
tr|A6M2E3|A6M2E3_CLOB8	f2151c25f57d0bab96e1bac3ed53918a	493	Pfam	PF01473	Putative cell wall binding repeat	141	157	2.6	T	03-12-2025	IPR018337	Cell wall/choline-binding repeat	-	-
tr|A6M2E3|A6M2E3_CLOB8	f2151c25f57d0bab96e1bac3ed53918a	493	Pfam	PF01473	Putative cell wall binding repeat	58	76	17.0	T	03-12-2025	IPR018337	Cell wall/choline-binding repeat	-	-
tr|A6M2E3|A6M2E3_CLOB8	f2151c25f57d0bab96e1bac3ed53918a	493	Pfam	PF01473	Putative cell wall binding repeat	121	136	100.0	T	03-12-2025	IPR018337	Cell wall/choline-binding repeat	-	-
tr|A6M2E3|A6M2E3_CLOB8	f2151c25f57d0bab96e1bac3ed53918a	493	Pfam	PF19127	Choline-binding repeat	78	118	5.6e-06	T	03-12-2025	IPR018337	Cell wall/choline-binding repeat	-	-
tr|A6M2E3|A6M2E3_CLOB8	f2151c25f57d0bab96e1bac3ed53918a	493	Pfam	PF19127	Choline-binding repeat	161	198	0.0002	T	03-12-2025	IPR018337	Cell wall/choline-binding repeat	-	-
tr|A6M2E3|A6M2E3_CLOB8	f2151c25f57d0bab96e1bac3ed53918a	493	Pfam	PF19127	Choline-binding repeat	200	243	8e-15	T	03-12-2025	IPR018337	Cell wall/choline-binding repeat	-	-
tr|A6LYG6|A6LYG6_CLOB8	1c455eec8b339d12221a670b3be8c074	344	Pfam	PF19127	Choline-binding repeat	285	326	3.4e-07	T	03-12-2025	IPR018337	Cell wall/choline-binding repeat	-	-
tr|A6LYG6|A6LYG6_CLOB8	1c455eec8b339d12221a670b3be8c074	344	Pfam	PF19127	Choline-binding repeat	221	255	0.00055	T	03-12-2025	IPR018337	Cell wall/choline-binding repeat	-	-
tr|A6LYG6|A6LYG6_CLOB8	1c455eec8b339d12221a670b3be8c074	344	Pfam	PF01183	Glycosyl hydrolases family 25	7	178	6e-31	T	03-12-2025	IPR002053	Glycoside hydrolase, family 25	-	-
tr|A6LYG6|A6LYG6_CLOB8	1c455eec8b339d12221a670b3be8c074	344	Pfam	PF01473	Putative cell wall binding repeat	264	278	220.0	T	03-12-2025	IPR018337	Cell wall/choline-binding repeat	-	-
tr|A0ABU2U4H1|A0ABU2U4H1_9ACTN	d25da3a76e50d2d45aee029019a9274f	417	Pfam	PF01471	Putative peptidoglycan binding domain	300	351	4.3e-11	T	03-12-2025	IPR002477	Peptidoglycan binding-like	-	-
tr|A0ABU2U4H1|A0ABU2U4H1_9ACTN	d25da3a76e50d2d45aee029019a9274f	417	Pfam	PF01471	Putative peptidoglycan binding domain	361	415	3e-12	T	03-12-2025	IPR002477	Peptidoglycan binding-like	-	-
tr|A0ABU2U4H1|A0ABU2U4H1_9ACTN	d25da3a76e50d2d45aee029019a9274f	417	Pfam	PF01183	Glycosyl hydrolases family 25	79	262	1.2e-47	T	03-12-2025	IPR002053	Glycoside hydrolase, family 25	-	-
tr|A0ABV4DLL8|A0ABV4DLL8_9LACO	d830146df071c8bc03ef51a4698c6823	790	Pfam	PF19127	Choline-binding repeat	516	560	0.0098	T	03-12-2025	IPR018337	Cell wall/choline-binding repeat	-	-
tr|A0ABV4DLL8|A0ABV4DLL8_9LACO	d830146df071c8bc03ef51a4698c6823	790	Pfam	PF19127	Choline-binding repeat	431	473	6.9e-08	T	03-12-2025	IPR018337	Cell wall/choline-binding repeat	-	-
tr|A0ABV4DLL8|A0ABV4DLL8_9LACO	d830146df071c8bc03ef51a4698c6823	790	Pfam	PF19127	Choline-binding repeat	685	729	0.0015	T	03-12-2025	IPR018337	Cell wall/choline-binding repeat	-	-
tr|A0ABV4DLL8|A0ABV4DLL8_9LACO	d830146df071c8bc03ef51a4698c6823	790	Pfam	PF19127	Choline-binding repeat	749	789	0.00059	T	03-12-2025	IPR018337	Cell wall/choline-binding repeat	-	-
tr|A0ABV4DLL8|A0ABV4DLL8_9LACO	d830146df071c8bc03ef51a4698c6823	790	Pfam	PF01473	Putative cell wall binding repeat	627	640	83.0	T	03-12-2025	IPR018337	Cell wall/choline-binding repeat	-	-
tr|A0ABV4DLL8|A0ABV4DLL8_9LACO	d830146df071c8bc03ef51a4698c6823	790	Pfam	PF01473	Putative cell wall binding repeat	563	577	38.0	T	03-12-2025	IPR018337	Cell wall/choline-binding repeat	-	-
tr|A0ABV4DLL8|A0ABV4DLL8_9LACO	d830146df071c8bc03ef51a4698c6823	790	Pfam	PF01473	Putative cell wall binding repeat	733	746	83.0	T	03-12-2025	IPR018337	Cell wall/choline-binding repeat	-	-
tr|A0ABV4DLL8|A0ABV4DLL8_9LACO	d830146df071c8bc03ef51a4698c6823	790	Pfam	PF01183	Glycosyl hydrolases family 25	202	385	4.8e-28	T	03-12-2025	IPR002053	Glycoside hydrolase, family 25	-	-
tr|A0AAX0B7C8|A0AAX0B7C8_CLOBE	62c2b94e4239b009dd37331418483344	507	Pfam	PF01473	Putative cell wall binding repeat	141	157	13.0	T	03-12-2025	IPR018337	Cell wall/choline-binding repeat	-	-
tr|A0AAX0B7C8|A0AAX0B7C8_CLOBE	62c2b94e4239b009dd37331418483344	507	Pfam	PF01473	Putative cell wall binding repeat	38	52	650.0	T	03-12-2025	IPR018337	Cell wall/choline-binding repeat	-	-
tr|A0AAX0B7C8|A0AAX0B7C8_CLOBE	62c2b94e4239b009dd37331418483344	507	Pfam	PF01473	Putative cell wall binding repeat	58	76	7.7	T	03-12-2025	IPR018337	Cell wall/choline-binding repeat	-	-
tr|A0AAX0B7C8|A0AAX0B7C8_CLOBE	62c2b94e4239b009dd37331418483344	507	Pfam	PF01473	Putative cell wall binding repeat	123	136	340.0	T	03-12-2025	IPR018337	Cell wall/choline-binding repeat	-	-
tr|A0AAX0B7C8|A0AAX0B7C8_CLOBE	62c2b94e4239b009dd37331418483344	507	Pfam	PF19127	Choline-binding repeat	161	198	8.2e-05	T	03-12-2025	IPR018337	Cell wall/choline-binding repeat	-	-
tr|A0AAX0B7C8|A0AAX0B7C8_CLOBE	62c2b94e4239b009dd37331418483344	507	Pfam	PF19127	Choline-binding repeat	78	118	1.1e-05	T	03-12-2025	IPR018337	Cell wall/choline-binding repeat	-	-
tr|A0AAX0B7C8|A0AAX0B7C8_CLOBE	62c2b94e4239b009dd37331418483344	507	Pfam	PF19127	Choline-binding repeat	200	243	8.3e-15	T	03-12-2025	IPR018337	Cell wall/choline-binding repeat	-	-
tr|A0AAX0B7C8|A0AAX0B7C8_CLOBE	62c2b94e4239b009dd37331418483344	507	Pfam	PF01183	Glycosyl hydrolases family 25	322	492	1.2e-38	T	03-12-2025	IPR002053	Glycoside hydrolase, family 25	-	-
tr|A0ABW7YH41|A0ABW7YH41_STRCE	13d7f86dfa5b016ce893a082ffa6af4c	448	Pfam	PF01183	Glycosyl hydrolases family 25	246	426	1.4000000000000001e-33	T	03-12-2025	IPR002053	Glycoside hydrolase, family 25	-	-
tr|A0ABW7YH41|A0ABW7YH41_STRCE	13d7f86dfa5b016ce893a082ffa6af4c	448	Pfam	PF01471	Putative peptidoglycan binding domain	73	113	8.3e-09	T	03-12-2025	IPR002477	Peptidoglycan binding-like	-	-
tr|A0ABW7YH41|A0ABW7YH41_STRCE	13d7f86dfa5b016ce893a082ffa6af4c	448	Pfam	PF01471	Putative peptidoglycan binding domain	152	211	4.7e-07	T	03-12-2025	IPR002477	Peptidoglycan binding-like	-	-
tr|A0ABV8HM38|A0ABV8HM38_9ACTN	72cac7307a00da170c4903f27094ff4a	448	Pfam	PF01183	Glycosyl hydrolases family 25	103	286	1.7e-48	T	03-12-2025	IPR002053	Glycoside hydrolase, family 25	-	-
tr|A0ABV8HM38|A0ABV8HM38_9ACTN	72cac7307a00da170c4903f27094ff4a	448	Pfam	PF01471	Putative peptidoglycan binding domain	327	381	5.5e-12	T	03-12-2025	IPR002477	Peptidoglycan binding-like	-	-
tr|A0ABV8HM38|A0ABV8HM38_9ACTN	72cac7307a00da170c4903f27094ff4a	448	Pfam	PF01471	Putative peptidoglycan binding domain	390	445	1.9e-12	T	03-12-2025	IPR002477	Peptidoglycan binding-like	-	-
tr|A0ABV6MJZ9|A0ABV6MJZ9_9PSEU	abaf0a61b40a31b67b6a4e959124b7a7	440	Pfam	PF01183	Glycosyl hydrolases family 25	226	414	4.1e-30	T	03-12-2025	IPR002053	Glycoside hydrolase, family 25	-	-
tr|A0ABV6MJZ9|A0ABV6MJZ9_9PSEU	abaf0a61b40a31b67b6a4e959124b7a7	440	Pfam	PF01471	Putative peptidoglycan binding domain	143	203	2.2e-08	T	03-12-2025	IPR002477	Peptidoglycan binding-like	-	-
tr|A0ABV6MJZ9|A0ABV6MJZ9_9PSEU	abaf0a61b40a31b67b6a4e959124b7a7	440	Pfam	PF01471	Putative peptidoglycan binding domain	45	105	1.7e-11	T	03-12-2025	IPR002477	Peptidoglycan binding-like	-	-
tr|D4K265|D4K265_9FIRM	22b1faf91f95f17d20c97644bd7cccb2	497	Pfam	PF01473	Putative cell wall binding repeat	284	296	850.0	T	03-12-2025	IPR018337	Cell wall/choline-binding repeat	-	-
tr|D4K265|D4K265_9FIRM	22b1faf91f95f17d20c97644bd7cccb2	497	Pfam	PF01473	Putative cell wall binding repeat	259	271	2300.0	T	03-12-2025	IPR018337	Cell wall/choline-binding repeat	-	-
tr|D4K265|D4K265_9FIRM	22b1faf91f95f17d20c97644bd7cccb2	497	Pfam	PF01183	Glycosyl hydrolases family 25	304	484	6.899999999999999e-24	T	03-12-2025	IPR002053	Glycoside hydrolase, family 25	-	-
tr|A0ABT2TKC4|A0ABT2TKC4_9FIRM	fe9ac6c30a186308f06d308ed88664e9	536	Pfam	PF01183	Glycosyl hydrolases family 25	91	276	7e-33	T	03-12-2025	IPR002053	Glycoside hydrolase, family 25	-	-
tr|A0ABT2TKC4|A0ABT2TKC4_9FIRM	fe9ac6c30a186308f06d308ed88664e9	536	Pfam	PF21540	Choline-binding repeat	401	420	0.00011	T	03-12-2025	IPR048713	Choline-binding repeat	-	-
tr|A0ABT2TKC4|A0ABT2TKC4_9FIRM	fe9ac6c30a186308f06d308ed88664e9	536	Pfam	PF21540	Choline-binding repeat	493	512	0.0028	T	03-12-2025	IPR048713	Choline-binding repeat	-	-
tr|A0ABT2TKC4|A0ABT2TKC4_9FIRM	fe9ac6c30a186308f06d308ed88664e9	536	Pfam	PF21540	Choline-binding repeat	470	489	0.0001	T	03-12-2025	IPR048713	Choline-binding repeat	-	-
tr|A0ABT2TKC4|A0ABT2TKC4_9FIRM	fe9ac6c30a186308f06d308ed88664e9	536	Pfam	PF21540	Choline-binding repeat	447	466	0.00011	T	03-12-2025	IPR048713	Choline-binding repeat	-	-
tr|A0ABT2TKC4|A0ABT2TKC4_9FIRM	fe9ac6c30a186308f06d308ed88664e9	536	Pfam	PF21540	Choline-binding repeat	378	397	0.00011	T	03-12-2025	IPR048713	Choline-binding repeat	-	-
tr|A0ABT2TKC4|A0ABT2TKC4_9FIRM	fe9ac6c30a186308f06d308ed88664e9	536	Pfam	PF21540	Choline-binding repeat	355	373	0.01	T	03-12-2025	IPR048713	Choline-binding repeat	-	-
tr|A0ABT2TKC4|A0ABT2TKC4_9FIRM	fe9ac6c30a186308f06d308ed88664e9	536	Pfam	PF21540	Choline-binding repeat	517	533	42.0	T	03-12-2025	IPR048713	Choline-binding repeat	-	-
tr|A0ABT2TKC4|A0ABT2TKC4_9FIRM	fe9ac6c30a186308f06d308ed88664e9	536	Pfam	PF21540	Choline-binding repeat	424	443	0.00011	T	03-12-2025	IPR048713	Choline-binding repeat	-	-
tr|A0A1M4VXF4|A0A1M4VXF4_9CLOT	d3e66dfa69ac3ec3567c0d5aadffd4f1	373	Pfam	PF01471	Putative peptidoglycan binding domain	213	267	0.001	T	03-12-2025	IPR002477	Peptidoglycan binding-like	-	-
tr|A0A1M4VXF4|A0A1M4VXF4_9CLOT	d3e66dfa69ac3ec3567c0d5aadffd4f1	373	Pfam	PF01471	Putative peptidoglycan binding domain	311	367	4.9e-06	T	03-12-2025	IPR002477	Peptidoglycan binding-like	-	-
tr|A0A1M4VXF4|A0A1M4VXF4_9CLOT	d3e66dfa69ac3ec3567c0d5aadffd4f1	373	Pfam	PF01183	Glycosyl hydrolases family 25	6	181	6.2e-23	T	03-12-2025	IPR002053	Glycoside hydrolase, family 25	-	-
tr|A0ABT2SVJ9|A0ABT2SVJ9_9FIRM	07ed2052aa2a2b5e59423297c43c2329	758	Pfam	PF01473	Putative cell wall binding repeat	719	736	13.0	T	03-12-2025	IPR018337	Cell wall/choline-binding repeat	-	-
tr|A0ABT2SVJ9|A0ABT2SVJ9_9FIRM	07ed2052aa2a2b5e59423297c43c2329	758	Pfam	PF01473	Putative cell wall binding repeat	659	676	330.0	T	03-12-2025	IPR018337	Cell wall/choline-binding repeat	-	-
tr|A0ABT2SVJ9|A0ABT2SVJ9_9FIRM	07ed2052aa2a2b5e59423297c43c2329	758	Pfam	PF01473	Putative cell wall binding repeat	447	464	0.12	T	03-12-2025	IPR018337	Cell wall/choline-binding repeat	-	-
tr|A0ABT2SVJ9|A0ABT2SVJ9_9FIRM	07ed2052aa2a2b5e59423297c43c2329	758	Pfam	PF01473	Putative cell wall binding repeat	599	616	330.0	T	03-12-2025	IPR018337	Cell wall/choline-binding repeat	-	-
tr|A0ABT2SVJ9|A0ABT2SVJ9_9FIRM	07ed2052aa2a2b5e59423297c43c2329	758	Pfam	PF01183	Glycosyl hydrolases family 25	95	275	1.2e-17	T	03-12-2025	IPR002053	Glycoside hydrolase, family 25	-	-
tr|A0ABT2SVJ9|A0ABT2SVJ9_9FIRM	07ed2052aa2a2b5e59423297c43c2329	758	Pfam	PF19127	Choline-binding repeat	677	714	5.4e-06	T	03-12-2025	IPR018337	Cell wall/choline-binding repeat	-	-
tr|A0ABT2SVJ9|A0ABT2SVJ9_9FIRM	07ed2052aa2a2b5e59423297c43c2329	758	Pfam	PF19127	Choline-binding repeat	617	655	2.4e-06	T	03-12-2025	IPR018337	Cell wall/choline-binding repeat	-	-
tr|A0ABT2SVJ9|A0ABT2SVJ9_9FIRM	07ed2052aa2a2b5e59423297c43c2329	758	Pfam	PF19127	Choline-binding repeat	557	595	0.0029	T	03-12-2025	IPR018337	Cell wall/choline-binding repeat	-	-
tr|A0ABT2SVJ9|A0ABT2SVJ9_9FIRM	07ed2052aa2a2b5e59423297c43c2329	758	Pfam	PF19127	Choline-binding repeat	486	520	2.3e-05	T	03-12-2025	IPR018337	Cell wall/choline-binding repeat	-	-
tr|A0ABT2SVJ9|A0ABT2SVJ9_9FIRM	07ed2052aa2a2b5e59423297c43c2329	758	Pfam	PF19127	Choline-binding repeat	317	356	3.7e-10	T	03-12-2025	IPR018337	Cell wall/choline-binding repeat	-	-
tr|A0ABT2SVJ9|A0ABT2SVJ9_9FIRM	07ed2052aa2a2b5e59423297c43c2329	758	Pfam	PF19127	Choline-binding repeat	406	445	6.7e-05	T	03-12-2025	IPR018337	Cell wall/choline-binding repeat	-	-
tr|C4ZGU5|C4ZGU5_AGARV	7aabfe27d1e3bb4a2012d97cbf45d8b7	552	Pfam	PF19127	Choline-binding repeat	91	129	0.00016	T	03-12-2025	IPR018337	Cell wall/choline-binding repeat	-	-
tr|C4ZGU5|C4ZGU5_AGARV	7aabfe27d1e3bb4a2012d97cbf45d8b7	552	Pfam	PF19127	Choline-binding repeat	471	512	1.5e-08	T	03-12-2025	IPR018337	Cell wall/choline-binding repeat	-	-
tr|C4ZGU5|C4ZGU5_AGARV	7aabfe27d1e3bb4a2012d97cbf45d8b7	552	Pfam	PF19127	Choline-binding repeat	391	432	6.1e-09	T	03-12-2025	IPR018337	Cell wall/choline-binding repeat	-	-
tr|C4ZGU5|C4ZGU5_AGARV	7aabfe27d1e3bb4a2012d97cbf45d8b7	552	Pfam	PF01473	Putative cell wall binding repeat	372	390	0.13	T	03-12-2025	IPR018337	Cell wall/choline-binding repeat	-	-
tr|C4ZGU5|C4ZGU5_AGARV	7aabfe27d1e3bb4a2012d97cbf45d8b7	552	Pfam	PF01473	Putative cell wall binding repeat	453	470	53.0	T	03-12-2025	IPR018337	Cell wall/choline-binding repeat	-	-
tr|C4ZGU5|C4ZGU5_AGARV	7aabfe27d1e3bb4a2012d97cbf45d8b7	552	Pfam	PF01473	Putative cell wall binding repeat	513	530	0.019	T	03-12-2025	IPR018337	Cell wall/choline-binding repeat	-	-
tr|C4ZGU5|C4ZGU5_AGARV	7aabfe27d1e3bb4a2012d97cbf45d8b7	552	Pfam	PF01473	Putative cell wall binding repeat	532	549	0.83	T	03-12-2025	IPR018337	Cell wall/choline-binding repeat	-	-
tr|C4ZGU5|C4ZGU5_AGARV	7aabfe27d1e3bb4a2012d97cbf45d8b7	552	Pfam	PF01183	Glycosyl hydrolases family 25	160	338	2.5e-27	T	03-12-2025	IPR002053	Glycoside hydrolase, family 25	-	-
tr|A0AAF5CQC9|A0AAF5CQC9_STRER	f4bffc184af9c5a19b58d1d02b655272	1050	Pfam	PF01183	Glycosyl hydrolases family 25	38	202	6.2e-08	T	03-12-2025	IPR002053	Glycoside hydrolase, family 25	-	-
tr|A0AAF5CQC9|A0AAF5CQC9_STRER	f4bffc184af9c5a19b58d1d02b655272	1050	Pfam	PF01607	Chitin binding Peritrophin-A domain	937	972	0.14	T	03-12-2025	IPR002557	Chitin binding domain	-	-
tr|A0AAF5CQC9|A0AAF5CQC9_STRER	f4bffc184af9c5a19b58d1d02b655272	1050	Pfam	PF01607	Chitin binding Peritrophin-A domain	992	1040	7.3e-08	T	03-12-2025	IPR002557	Chitin binding domain	-	-
tr|A0ABU6IGW7|A0ABU6IGW7_9ACTN	6a1e9dcdf0890209e50da041bed3d4d3	632	Pfam	PF19127	Choline-binding repeat	535	576	1.5e-10	T	03-12-2025	IPR018337	Cell wall/choline-binding repeat	-	-
tr|A0ABU6IGW7|A0ABU6IGW7_9ACTN	6a1e9dcdf0890209e50da041bed3d4d3	632	Pfam	PF19127	Choline-binding repeat	407	448	2e-09	T	03-12-2025	IPR018337	Cell wall/choline-binding repeat	-	-
tr|A0ABU6IGW7|A0ABU6IGW7_9ACTN	6a1e9dcdf0890209e50da041bed3d4d3	632	Pfam	PF19127	Choline-binding repeat	365	406	1.8e-06	T	03-12-2025	IPR018337	Cell wall/choline-binding repeat	-	-
tr|A0ABU6IGW7|A0ABU6IGW7_9ACTN	6a1e9dcdf0890209e50da041bed3d4d3	632	Pfam	PF19085	Choline-binding repeat	593	628	2.6e-10	T	03-12-2025	IPR018337	Cell wall/choline-binding repeat	-	-
tr|A0ABU6IGW7|A0ABU6IGW7_9ACTN	6a1e9dcdf0890209e50da041bed3d4d3	632	Pfam	PF01473	Putative cell wall binding repeat	516	534	0.00034	T	03-12-2025	IPR018337	Cell wall/choline-binding repeat	-	-
tr|A0ABU6IGW7|A0ABU6IGW7_9ACTN	6a1e9dcdf0890209e50da041bed3d4d3	632	Pfam	PF01473	Putative cell wall binding repeat	496	514	0.0063	T	03-12-2025	IPR018337	Cell wall/choline-binding repeat	-	-
tr|A0ABU6IGW7|A0ABU6IGW7_9ACTN	6a1e9dcdf0890209e50da041bed3d4d3	632	Pfam	PF01183	Glycosyl hydrolases family 25	126	322	2.7e-20	T	03-12-2025	IPR002053	Glycoside hydrolase, family 25	-	-
sp|P19386|LYS_BPCP9	c3a2f5bbab9a81a827d8163f6d2db3b3	339	Pfam	PF19127	Choline-binding repeat	261	306	2.6e-09	T	03-12-2025	IPR018337	Cell wall/choline-binding repeat	-	-
sp|P19386|LYS_BPCP9	c3a2f5bbab9a81a827d8163f6d2db3b3	339	Pfam	PF01473	Putative cell wall binding repeat	221	238	0.4	T	03-12-2025	IPR018337	Cell wall/choline-binding repeat	-	-
sp|P19386|LYS_BPCP9	c3a2f5bbab9a81a827d8163f6d2db3b3	339	Pfam	PF01473	Putative cell wall binding repeat	243	260	0.0045	T	03-12-2025	IPR018337	Cell wall/choline-binding repeat	-	-
sp|P19386|LYS_BPCP9	c3a2f5bbab9a81a827d8163f6d2db3b3	339	Pfam	PF01183	Glycosyl hydrolases family 25	9	180	5.7e-26	T	03-12-2025	IPR002053	Glycoside hydrolase, family 25	-	-
sp|P34020|LYS_CLOAB	c1c161a6ac56fff853dbdb1a43a57773	324	Pfam	PF01183	Glycosyl hydrolases family 25	4	171	1.1e-45	T	03-12-2025	IPR002053	Glycoside hydrolase, family 25	-	-
sp|P34020|LYS_CLOAB	c1c161a6ac56fff853dbdb1a43a57773	324	Pfam	PF01471	Putative peptidoglycan binding domain	282	320	2.7e-07	T	03-12-2025	IPR002477	Peptidoglycan binding-like	-	-
sp|P34020|LYS_CLOAB	c1c161a6ac56fff853dbdb1a43a57773	324	Pfam	PF01471	Putative peptidoglycan binding domain	199	251	1.7e-10	T	03-12-2025	IPR002477	Peptidoglycan binding-like	-	-
tr|Q8DP07|Q8DP07_STRR6	40bf84951516739e33f3f1c481241103	501	Pfam	PF19085	Choline-binding repeat	231	267	9.9e-06	T	03-12-2025	IPR018337	Cell wall/choline-binding repeat	-	-
tr|Q8DP07|Q8DP07_STRR6	40bf84951516739e33f3f1c481241103	501	Pfam	PF01183	Glycosyl hydrolases family 25	305	491	1e-15	T	03-12-2025	IPR002053	Glycoside hydrolase, family 25	-	-
tr|Q8DP07|Q8DP07_STRR6	40bf84951516739e33f3f1c481241103	501	Pfam	PF01473	Putative cell wall binding repeat	154	171	1.9	T	03-12-2025	IPR018337	Cell wall/choline-binding repeat	-	-
tr|Q8DP07|Q8DP07_STRR6	40bf84951516739e33f3f1c481241103	501	Pfam	PF01473	Putative cell wall binding repeat	130	149	1200.0	T	03-12-2025	IPR018337	Cell wall/choline-binding repeat	-	-
tr|C5J949|C5J949_9CAUD	e3c20f21d0400ff925c7758e7947c863	334	Pfam	PF19127	Choline-binding repeat	256	298	1.1e-08	T	03-12-2025	IPR018337	Cell wall/choline-binding repeat	-	-
tr|C5J949|C5J949_9CAUD	e3c20f21d0400ff925c7758e7947c863	334	Pfam	PF01183	Glycosyl hydrolases family 25	8	182	1.5999999999999998e-25	T	03-12-2025	IPR002053	Glycoside hydrolase, family 25	-	-
tr|C5J949|C5J949_9CAUD	e3c20f21d0400ff925c7758e7947c863	334	Pfam	PF01473	Putative cell wall binding repeat	216	232	0.37	T	03-12-2025	IPR018337	Cell wall/choline-binding repeat	-	-
tr|C5J949|C5J949_9CAUD	e3c20f21d0400ff925c7758e7947c863	334	Pfam	PF01473	Putative cell wall binding repeat	237	254	0.0013	T	03-12-2025	IPR018337	Cell wall/choline-binding repeat	-	-
tr|C5J949|C5J949_9CAUD	e3c20f21d0400ff925c7758e7947c863	334	Pfam	PF01473	Putative cell wall binding repeat	301	315	150.0	T	03-12-2025	IPR018337	Cell wall/choline-binding repeat	-	-
tr|C4Z1Z3|C4Z1Z3_LACE2	d04c6e8d7f96844a02529b2f16a171ef	662	Pfam	PF01183	Glycosyl hydrolases family 25	468	651	1.2e-29	T	03-12-2025	IPR002053	Glycoside hydrolase, family 25	-	-
tr|C4Z1Z3|C4Z1Z3_LACE2	d04c6e8d7f96844a02529b2f16a171ef	662	Pfam	PF01473	Putative cell wall binding repeat	444	461	910.0	T	03-12-2025	IPR018337	Cell wall/choline-binding repeat	-	-
tr|C4Z1Z3|C4Z1Z3_LACE2	d04c6e8d7f96844a02529b2f16a171ef	662	Pfam	PF01473	Putative cell wall binding repeat	426	440	150.0	T	03-12-2025	IPR018337	Cell wall/choline-binding repeat	-	-
tr|A0A317G285|A0A317G285_BUTFI	2a6869d7a98f824f5c11ef321fc19286	612	Pfam	PF01473	Putative cell wall binding repeat	419	433	390.0	T	03-12-2025	IPR018337	Cell wall/choline-binding repeat	-	-
tr|A0A317G285|A0A317G285_BUTFI	2a6869d7a98f824f5c11ef321fc19286	612	Pfam	PF01473	Putative cell wall binding repeat	560	577	110.0	T	03-12-2025	IPR018337	Cell wall/choline-binding repeat	-	-
tr|A0A317G285|A0A317G285_BUTFI	2a6869d7a98f824f5c11ef321fc19286	612	Pfam	PF01473	Putative cell wall binding repeat	355	373	290.0	T	03-12-2025	IPR018337	Cell wall/choline-binding repeat	-	-
tr|A0A317G285|A0A317G285_BUTFI	2a6869d7a98f824f5c11ef321fc19286	612	Pfam	PF01183	Glycosyl hydrolases family 25	43	211	4.400000000000001e-28	T	03-12-2025	IPR002053	Glycoside hydrolase, family 25	-	-
tr|A0ABV1CPQ2|A0ABV1CPQ2_9FIRM	5c311be702b1d532435718e7b2bb3c83	524	Pfam	PF01473	Putative cell wall binding repeat	474	490	330.0	T	03-12-2025	IPR018337	Cell wall/choline-binding repeat	-	-
tr|A0ABV1CPQ2|A0ABV1CPQ2_9FIRM	5c311be702b1d532435718e7b2bb3c83	524	Pfam	PF01473	Putative cell wall binding repeat	342	361	8.6	T	03-12-2025	IPR018337	Cell wall/choline-binding repeat	-	-
tr|A0ABV1CPQ2|A0ABV1CPQ2_9FIRM	5c311be702b1d532435718e7b2bb3c83	524	Pfam	PF01473	Putative cell wall binding repeat	385	401	880.0	T	03-12-2025	IPR018337	Cell wall/choline-binding repeat	-	-
tr|A0ABV1CPQ2|A0ABV1CPQ2_9FIRM	5c311be702b1d532435718e7b2bb3c83	524	Pfam	PF01183	Glycosyl hydrolases family 25	90	267	1.5e-26	T	03-12-2025	IPR002053	Glycoside hydrolase, family 25	-	-
tr|A0A1T4PN84|A0A1T4PN84_9FIRM	b0dd8c05b08abf45dbbb028254775b4d	503	Pfam	PF01183	Glycosyl hydrolases family 25	55	257	4.1e-25	T	03-12-2025	IPR002053	Glycoside hydrolase, family 25	-	-
tr|A0A1T4PN84|A0A1T4PN84_9FIRM	b0dd8c05b08abf45dbbb028254775b4d	503	Pfam	PF21540	Choline-binding repeat	299	319	2.3e-05	T	03-12-2025	IPR048713	Choline-binding repeat	-	-
tr|A0A1T4PN84|A0A1T4PN84_9FIRM	b0dd8c05b08abf45dbbb028254775b4d	503	Pfam	PF21540	Choline-binding repeat	394	410	2.4	T	03-12-2025	IPR048713	Choline-binding repeat	-	-
tr|A0A1T4PN84|A0A1T4PN84_9FIRM	b0dd8c05b08abf45dbbb028254775b4d	503	Pfam	PF21540	Choline-binding repeat	349	366	0.063	T	03-12-2025	IPR048713	Choline-binding repeat	-	-
tr|A0A1T4PN84|A0A1T4PN84_9FIRM	b0dd8c05b08abf45dbbb028254775b4d	503	Pfam	PF21540	Choline-binding repeat	368	388	0.087	T	03-12-2025	IPR048713	Choline-binding repeat	-	-
tr|A0A1T4PN84|A0A1T4PN84_9FIRM	b0dd8c05b08abf45dbbb028254775b4d	503	Pfam	PF21540	Choline-binding repeat	434	453	9.1e-05	T	03-12-2025	IPR048713	Choline-binding repeat	-	-
tr|A0A1T4PN84|A0A1T4PN84_9FIRM	b0dd8c05b08abf45dbbb028254775b4d	503	Pfam	PF21540	Choline-binding repeat	456	476	230.0	T	03-12-2025	IPR048713	Choline-binding repeat	-	-
tr|A0A1T4PN84|A0A1T4PN84_9FIRM	b0dd8c05b08abf45dbbb028254775b4d	503	Pfam	PF21540	Choline-binding repeat	412	432	0.0087	T	03-12-2025	IPR048713	Choline-binding repeat	-	-
tr|A0ABW8TIS0|A0ABW8TIS0_9CLOT	638657dbf7c748c46ab7d16429185f26	325	Pfam	PF01183	Glycosyl hydrolases family 25	4	170	1.7e-34	T	03-12-2025	IPR002053	Glycoside hydrolase, family 25	-	-
tr|A0ABW8TIS0|A0ABW8TIS0_9CLOT	638657dbf7c748c46ab7d16429185f26	325	Pfam	PF01471	Putative peptidoglycan binding domain	280	322	0.00071	T	03-12-2025	IPR002477	Peptidoglycan binding-like	-	-
tr|A0ABW8TIS0|A0ABW8TIS0_9CLOT	638657dbf7c748c46ab7d16429185f26	325	Pfam	PF01471	Putative peptidoglycan binding domain	196	250	3.5e-09	T	03-12-2025	IPR002477	Peptidoglycan binding-like	-	-
tr|A0ABW8TG47|A0ABW8TG47_9CLOT	edd6a5b8c420c9ee8727b4db2de9ea04	330	Pfam	PF01471	Putative peptidoglycan binding domain	202	255	1.2e-08	T	03-12-2025	IPR002477	Peptidoglycan binding-like	-	-
tr|A0ABW8TG47|A0ABW8TG47_9CLOT	edd6a5b8c420c9ee8727b4db2de9ea04	330	Pfam	PF01471	Putative peptidoglycan binding domain	285	327	0.0042	T	03-12-2025	IPR002477	Peptidoglycan binding-like	-	-
tr|A0ABW8TG47|A0ABW8TG47_9CLOT	edd6a5b8c420c9ee8727b4db2de9ea04	330	Pfam	PF01183	Glycosyl hydrolases family 25	4	170	2.4e-38	T	03-12-2025	IPR002053	Glycoside hydrolase, family 25	-	-
tr|A0ABW8HCG2|A0ABW8HCG2_9ACTN	4b1cd673388e6f98c1e2f6b6197c08ee	557	Pfam	PF01471	Putative peptidoglycan binding domain	354	408	2.4e-13	T	03-12-2025	IPR002477	Peptidoglycan binding-like	-	-
tr|A0ABW8HCG2|A0ABW8HCG2_9ACTN	4b1cd673388e6f98c1e2f6b6197c08ee	557	Pfam	PF01471	Putative peptidoglycan binding domain	289	344	2.7e-12	T	03-12-2025	IPR002477	Peptidoglycan binding-like	-	-
tr|A0ABW8HCG2|A0ABW8HCG2_9ACTN	4b1cd673388e6f98c1e2f6b6197c08ee	557	Pfam	PF01183	Glycosyl hydrolases family 25	46	240	2.8e-32	T	03-12-2025	IPR002053	Glycoside hydrolase, family 25	-	-
tr|A0ABV1GAX2|A0ABV1GAX2_9FIRM	9a845f8fcf79b20c4a5091487df91d5a	756	Pfam	PF01473	Putative cell wall binding repeat	39	54	230.0	T	03-12-2025	IPR018337	Cell wall/choline-binding repeat	-	-
tr|A0ABV1GAX2|A0ABV1GAX2_9FIRM	9a845f8fcf79b20c4a5091487df91d5a	756	Pfam	PF19127	Choline-binding repeat	184	228	0.0039	T	03-12-2025	IPR018337	Cell wall/choline-binding repeat	-	-
tr|A0ABV1GAX2|A0ABV1GAX2_9FIRM	9a845f8fcf79b20c4a5091487df91d5a	756	Pfam	PF19127	Choline-binding repeat	59	104	1.3e-11	T	03-12-2025	IPR018337	Cell wall/choline-binding repeat	-	-
tr|A0ABV1GAX2|A0ABV1GAX2_9FIRM	9a845f8fcf79b20c4a5091487df91d5a	756	Pfam	PF01183	Glycosyl hydrolases family 25	256	445	7.2999999999999995e-25	T	03-12-2025	IPR002053	Glycoside hydrolase, family 25	-	-
